Num_Acc;senc;catv;occutc;obs;obsm;choc;manv;num_veh
201500014533;0;1;0;1.0;0.0;1.0;2.0;B01
201500014577;0;1;0;0.0;9.0;4.0;2.0;A01
201500014769;0;1;0;0.0;0.0;0.0;0.0;B01
201500014771;0;1;0;0.0;2.0;4.0;2.0;B01
201500014888;0;1;0;0.0;2.0;4.0;1.0;B01
201500014926;0;1;0;0.0;0.0;0.0;0.0;A01
201500015040;0;1;0;0.0;2.0;7.0;1.0;B01
201500015065;0;1;0;0.0;2.0;4.0;1.0;B01
201500015065;0;1;0;0.0;2.0;0.0;1.0;C01
201500015074;0;1;0;0.0;2.0;4.0;1.0;B01
201500015083;0;1;0;16.0;0.0;0.0;1.0;A01
201500015087;0;1;0;0.0;2.0;4.0;0.0;B01
201500015141;1;1;0;0.0;1.0;0.0;1.0;Z01
201500015183;0;1;0;0.0;2.0;1.0;2.0;B01
201500015228;0;1;0;0.0;2.0;0.0;0.0;B01
201500015235;0;1;0;0.0;2.0;7.0;2.0;B01
201500015343;0;1;0;0.0;2.0;1.0;5.0;A01
201500015404;0;1;0;0.0;0.0;0.0;1.0;A01
201500015466;0;1;0;0.0;2.0;7.0;1.0;B01
201500015472;1;1;0;0.0;2.0;1.0;1.0;Z01
201500015530;0;1;0;0.0;2.0;0.0;0.0;B01
201500015677;0;1;0;0.0;2.0;0.0;0.0;B01
201500015849;0;1;0;0.0;2.0;4.0;2.0;B01
201500015863;0;1;0;0.0;2.0;7.0;19.0;A01
201500015909;0;1;0;0.0;0.0;0.0;0.0;B01
201500015911;0;1;0;0.0;0.0;0.0;0.0;B01
201500015911;0;1;0;0.0;0.0;0.0;0.0;A01
201500015951;0;1;0;0.0;0.0;0.0;0.0;B01
201500015952;0;1;0;0.0;2.0;1.0;1.0;B01
201500015960;0;1;0;0.0;0.0;0.0;0.0;B01
201500015967;0;1;0;0.0;2.0;1.0;0.0;B01
201500015969;0;1;0;0.0;2.0;1.0;0.0;B01
201500015988;0;1;0;0.0;0.0;0.0;0.0;B01
201500015997;0;1;0;0.0;0.0;0.0;0.0;A01
201500016000;0;1;0;0.0;2.0;8.0;1.0;B01
201500016004;0;1;0;0.0;0.0;0.0;0.0;B01
201500016023;0;1;0;8.0;0.0;2.0;0.0;A01
201500016044;0;1;0;0.0;2.0;5.0;14.0;A01
201500016058;0;1;0;0.0;2.0;1.0;1.0;B01
201500016062;0;1;0;0.0;0.0;0.0;0.0;B01
201500016157;0;1;0;0.0;0.0;0.0;0.0;B01
201500016229;0;1;0;0.0;2.0;0.0;1.0;B01
201500016239;0;1;0;0.0;0.0;0.0;0.0;B01
201500016302;0;1;0;0.0;2.0;1.0;1.0;B02
201500016314;0;1;0;0.0;2.0;7.0;13.0;B02
201500016351;0;1;0;0.0;2.0;8.0;1.0;B02
201500016366;0;1;0;0.0;0.0;3.0;1.0;B02
201500016378;0;1;0;0.0;2.0;1.0;23.0;B01
201500016395;0;1;0;0.0;2.0;1.0;1.0;B01
201500016402;0;1;0;0.0;1.0;1.0;1.0;A01
201500016405;0;1;0;0.0;1.0;1.0;1.0;A01
201500016410;0;1;0;0.0;2.0;4.0;1.0;A01
201500016431;0;1;0;0.0;2.0;7.0;1.0;B01
201500016442;0;1;0;0.0;2.0;4.0;12.0;B01
201500016487;0;1;0;0.0;2.0;3.0;15.0;B02
201500016489;0;1;0;0.0;2.0;8.0;16.0;A01
201500016546;0;1;0;0.0;2.0;3.0;19.0;A01
201500016598;0;1;0;0.0;2.0;1.0;1.0;B02
201500016600;0;1;0;0.0;2.0;2.0;19.0;B02
201500016626;0;1;0;12.0;0.0;1.0;1.0;A01
201500016663;0;1;0;0.0;2.0;7.0;1.0;A02
201500016666;0;1;0;0.0;2.0;1.0;5.0;A02
201500016692;0;1;0;0.0;2.0;1.0;1.0;B02
201500016706;0;1;0;0.0;2.0;1.0;15.0;B02
201500016722;0;1;0;0.0;2.0;8.0;15.0;A01
201500016828;0;1;0;0.0;2.0;8.0;19.0;B02
201500016833;0;1;0;0.0;1.0;1.0;1.0;A01
201500016837;0;1;0;0.0;2.0;1.0;1.0;B02
201500016864;0;1;0;0.0;2.0;0.0;0.0;B02
201500016874;0;1;0;0.0;0.0;1.0;15.0;B02
201500016881;0;1;0;0.0;2.0;1.0;1.0;B02
201500016884;0;1;0;0.0;2.0;4.0;1.0;B02
201500016930;0;1;0;0.0;2.0;0.0;17.0;B02
201500016958;0;1;0;0.0;2.0;4.0;2.0;B02
201500016985;0;1;0;7.0;0.0;1.0;1.0;A01
201500016989;0;1;0;0.0;2.0;1.0;1.0;A01
201500016993;0;1;0;0.0;2.0;4.0;1.0;B02
201500017021;0;1;0;0.0;2.0;1.0;1.0;B02
201500017032;0;1;0;0.0;2.0;2.0;1.0;A01
201500017039;0;1;0;0.0;2.0;1.0;15.0;A01
201500017070;0;1;0;0.0;2.0;3.0;18.0;B02
201500017072;0;1;0;0.0;2.0;1.0;2.0;B02
201500017095;0;1;0;0.0;2.0;1.0;17.0;B02
201500017099;0;1;0;0.0;0.0;1.0;1.0;B02
201500017110;0;1;0;0.0;2.0;4.0;1.0;C03
201500017110;0;1;0;0.0;2.0;4.0;1.0;B02
201500017131;0;1;0;0.0;2.0;3.0;1.0;A01
201500017148;0;1;0;1.0;;1.0;2.0;A02
201500017163;0;1;0;1.0;0.0;2.0;1.0;A01
201500017171;0;1;0;0.0;2.0;0.0;0.0;B02
201500017173;0;1;0;0.0;0.0;0.0;0.0;B02
201500017192;0;1;0;0.0;2.0;1.0;16.0;B02
201500017204;0;1;0;0.0;2.0;7.0;1.0;B02
201500017227;0;1;0;0.0;2.0;1.0;13.0;A01
201500017273;0;1;0;0.0;2.0;0.0;1.0;B01
201500017293;0;1;0;0.0;2.0;2.0;0.0;B02
201500017301;0;1;0;0.0;0.0;1.0;1.0;A01
201500017321;0;1;0;0.0;2.0;2.0;1.0;A01
201500017349;0;1;0;0.0;2.0;8.0;1.0;B01
201500017354;0;1;0;0.0;2.0;2.0;17.0;B01
201500017395;0;1;0;0.0;0.0;0.0;1.0;A01
201500017443;0;1;0;0.0;1.0;1.0;1.0;A01
201500017458;0;1;0;0.0;0.0;0.0;1.0;A01
201500017464;0;1;0;0.0;2.0;1.0;1.0;B01
201500017492;0;1;0;0.0;2.0;7.0;1.0;B01
201500017516;0;1;0;0.0;2.0;1.0;5.0;A01
201500017572;0;1;0;0.0;2.0;6.0;19.0;B02
201500017582;0;1;0;0.0;2.0;7.0;1.0;B02
201500017595;0;1;0;0.0;2.0;3.0;11.0;B02
201500017602;0;1;0;0.0;2.0;4.0;1.0;B02
201500017615;0;1;0;0.0;2.0;8.0;1.0;B02
201500017626;0;1;0;0.0;2.0;1.0;13.0;A01
201500017627;0;1;0;0.0;2.0;8.0;13.0;A01
201500017628;0;1;0;1.0;0.0;1.0;1.0;A01
201500017633;0;1;0;0.0;2.0;4.0;1.0;B02
201500017650;0;1;0;0.0;2.0;1.0;5.0;A01
201500017667;0;1;0;0.0;2.0;8.0;19.0;A01
201500017669;0;1;0;0.0;0.0;0.0;13.0;B02
201500017689;0;1;0;0.0;2.0;2.0;5.0;B02
201500017692;0;1;0;0.0;0.0;8.0;19.0;B02
201500017695;0;1;0;0.0;2.0;1.0;19.0;C03
201500017695;0;1;0;0.0;2.0;1.0;19.0;B02
201500017698;0;1;0;0.0;2.0;3.0;19.0;B02
201500017718;0;1;0;0.0;2.0;1.0;1.0;B02
201500017725;0;1;0;0.0;0.0;1.0;1.0;B02
201500017731;0;1;0;0.0;2.0;8.0;13.0;B02
201500017732;0;1;0;0.0;0.0;0.0;0.0;A01
201500017733;0;1;0;0.0;0.0;4.0;2.0;B02
201500017739;0;1;0;0.0;2.0;7.0;1.0;A01
201500017774;0;1;0;0.0;0.0;0.0;0.0;B02
201500017802;0;1;0;0.0;2.0;1.0;15.0;B02
201500017809;0;1;0;0.0;2.0;7.0;1.0;B02
201500017810;0;1;0;0.0;2.0;1.0;1.0;A01
201500017816;0;1;0;0.0;0.0;4.0;2.0;B02
201500017850;0;1;0;0.0;2.0;8.0;15.0;A01
201500017891;0;1;0;0.0;2.0;3.0;1.0;A01
201500017925;0;1;0;0.0;2.0;8.0;15.0;B02
201500017940;0;1;0;0.0;0.0;0.0;1.0;A01
201500017952;0;1;0;0.0;2.0;8.0;15.0;A01
201500017963;0;1;0;0.0;0.0;4.0;1.0;B02
201500017964;0;1;0;0.0;2.0;8.0;15.0;B02
201500017973;0;1;0;0.0;0.0;1.0;16.0;B02
201500017986;0;1;0;0.0;2.0;1.0;15.0;A01
201500018003;0;1;0;0.0;2.0;6.0;2.0;B02
201500018003;0;1;0;0.0;2.0;6.0;2.0;C03
201500018030;0;1;0;0.0;2.0;4.0;1.0;B01
201500018040;0;1;0;0.0;2.0;1.0;1.0;B02
201500018052;0;1;0;0.0;0.0;0.0;0.0;B02
201500018052;0;1;0;0.0;2.0;4.0;1.0;C03
201500018057;0;1;0;0.0;0.0;4.0;2.0;B02
201500018083;0;1;0;0.0;2.0;8.0;15.0;B02
201500018090;0;1;0;0.0;2.0;1.0;1.0;B02
201500018093;0;1;0;0.0;0.0;8.0;1.0;B02
201500018094;0;1;0;0.0;2.0;8.0;19.0;B02
201500018097;0;1;0;0.0;2.0;1.0;1.0;B02
201500018129;0;1;0;0.0;2.0;3.0;1.0;A01
201500018129;0;1;0;0.0;2.0;2.0;1.0;B02
201500018142;0;1;0;0.0;2.0;7.0;15.0;B02
201500018193;0;1;0;0.0;2.0;4.0;1.0;B02
201500018199;0;1;0;0.0;2.0;3.0;2.0;B02
201500018206;0;1;0;0.0;2.0;1.0;1.0;A01
201500018208;0;1;0;0.0;2.0;4.0;1.0;B02
201500018237;0;1;0;0.0;2.0;7.0;19.0;B02
201500018247;0;1;0;0.0;2.0;8.0;1.0;B02
201500018261;0;1;0;0.0;2.0;4.0;2.0;B02
201500018264;0;1;0;0.0;2.0;7.0;1.0;B02
201500018285;0;1;0;0.0;0.0;0.0;0.0;A01
201500018313;0;1;0;0.0;2.0;1.0;1.0;B02
201500018314;0;1;0;0.0;0.0;4.0;0.0;B02
201500018345;0;1;0;0.0;0.0;4.0;1.0;B02
201500018359;0;1;0;0.0;0.0;8.0;1.0;B02
201500018413;0;1;0;;2.0;;19.0;B02
201500018451;0;1;0;0.0;2.0;1.0;19.0;B02
201500018469;0;1;0;0.0;2.0;1.0;5.0;A01
201500018479;0;1;0;0.0;2.0;4.0;1.0;B02
201500018482;0;1;0;0.0;0.0;8.0;0.0;B02
201500018508;0;1;0;0.0;2.0;1.0;19.0;B02
201500018535;0;1;0;0.0;0.0;8.0;2.0;B02
201500018538;0;1;0;0.0;2.0;1.0;19.0;A01
201500018548;0;1;0;0.0;2.0;1.0;19.0;B02
201500018562;0;1;0;0.0;2.0;4.0;1.0;B02
201500018577;0;1;0;0.0;2.0;7.0;2.0;B02
201500018581;0;1;0;0.0;0.0;8.0;1.0;A01
201500018609;0;1;0;0.0;2.0;1.0;1.0;B02
201500018642;0;1;0;0.0;2.0;2.0;1.0;A01
201500018647;0;1;0;0.0;2.0;8.0;1.0;B02
201500018663;0;1;0;0.0;0.0;0.0;21.0;A01
201500018704;0;1;0;0.0;2.0;1.0;1.0;B02
201500018727;0;1;0;0.0;2.0;1.0;1.0;B02
201500018741;0;1;0;0.0;2.0;8.0;15.0;B02
201500018777;0;1;0;0.0;2.0;5.0;15.0;B02
201500018780;0;1;0;0.0;2.0;1.0;1.0;B02
201500018794;0;1;0;0.0;2.0;8.0;15.0;B02
201500018802;0;1;0;0.0;2.0;1.0;1.0;A01
201500018836;0;1;0;0.0;2.0;7.0;0.0;B02
201500018842;0;1;0;0.0;2.0;4.0;1.0;B02
201500018844;0;1;0;0.0;2.0;1.0;1.0;B02
201500018850;0;1;0;0.0;2.0;3.0;1.0;A01
201500018866;0;1;0;0.0;0.0;4.0;2.0;B02
201500018875;0;1;0;0.0;2.0;1.0;15.0;B02
201500018883;0;1;0;0.0;2.0;4.0;2.0;B02
201500018905;0;1;0;0.0;2.0;3.0;1.0;A01
201500018906;0;1;0;0.0;0.0;4.0;1.0;B02
201500018907;0;1;0;0.0;2.0;8.0;1.0;B02
201500018911;0;1;0;0.0;2.0;8.0;2.0;B02
201500018913;0;1;0;0.0;2.0;1.0;1.0;B02
201500018919;0;1;0;0.0;2.0;7.0;1.0;A01
201500018944;0;1;0;1.0;0.0;1.0;1.0;A01
201500018955;0;1;0;0.0;0.0;4.0;13.0;B02
201500018982;0;1;0;0.0;2.0;1.0;1.0;B02
201500018983;0;1;0;0.0;2.0;7.0;1.0;B02
201500018993;0;1;0;0.0;2.0;4.0;1.0;B02
201500019005;0;1;0;0.0;2.0;8.0;9.0;B02
201500019014;0;1;0;0.0;2.0;1.0;1.0;B02
201500019035;0;1;0;0.0;2.0;5.0;2.0;B02
201500019053;0;1;0;0.0;2.0;6.0;2.0;B02
201500019055;0;1;0;0.0;2.0;1.0;1.0;B02
201500019069;0;1;0;0.0;0.0;5.0;19.0;B02
201500019136;0;1;0;0.0;2.0;7.0;19.0;B02
201500019140;0;1;0;12.0;0.0;7.0;1.0;A01
201500019149;0;1;0;0.0;2.0;1.0;1.0;B01
201500019158;0;1;0;0.0;2.0;1.0;1.0;B01
201500019167;0;1;0;0.0;2.0;4.0;23.0;B01
201500019187;0;1;0;0.0;2.0;1.0;1.0;B01
201500019194;0;1;0;0.0;2.0;3.0;16.0;A01
201500019197;0;1;0;0.0;9.0;1.0;1.0;A01
201500019197;0;1;0;0.0;1.0;4.0;1.0;A02
201500019198;0;1;0;0.0;2.0;8.0;1.0;B01
201500019205;0;1;0;0.0;2.0;8.0;15.0;B01
201500019207;0;1;0;0.0;2.0;4.0;1.0;A01
201500019216;0;1;0;0.0;1.0;1.0;1.0;A01
201500019219;0;1;0;0.0;2.0;4.0;1.0;B01
201500019225;0;1;0;0.0;2.0;3.0;1.0;B02
201500019234;0;1;0;0.0;2.0;8.0;19.0;B01
201500019239;0;1;0;0.0;2.0;8.0;1.0;B01
201500019253;0;1;0;0.0;2.0;7.0;1.0;B01
201500019261;0;1;0;0.0;2.0;1.0;1.0;B01
201500019267;0;1;0;0.0;2.0;1.0;1.0;B01
201500019274;0;1;0;0.0;2.0;1.0;1.0;B01
201500019319;0;1;0;1.0;0.0;1.0;2.0;B01
201500019330;0;1;0;0.0;2.0;2.0;1.0;B01
201500019332;0;1;0;0.0;2.0;7.0;19.0;A01
201500019338;0;1;0;0.0;2.0;7.0;2.0;B01
201500019346;0;1;0;0.0;2.0;4.0;2.0;A01
201500019349;0;1;0;0.0;2.0;6.0;1.0;B01
201500019354;0;1;0;0.0;0.0;1.0;2.0;B01
201500019355;0;1;0;0.0;2.0;1.0;2.0;B01
201500019367;0;1;0;0.0;2.0;8.0;15.0;B01
201500019368;0;1;0;0.0;2.0;8.0;1.0;B01
201500019374;0;1;0;0.0;2.0;1.0;1.0;B01
201500019376;0;1;0;0.0;2.0;1.0;0.0;B01
201500019392;0;1;0;0.0;2.0;1.0;19.0;B01
201500019397;0;1;0;0.0;2.0;7.0;2.0;B01
201500019398;0;1;0;0.0;2.0;7.0;2.0;B01
201500019400;0;1;0;0.0;2.0;1.0;2.0;B01
201500019407;0;1;0;0.0;2.0;8.0;10.0;A01
201500019415;0;1;0;0.0;2.0;1.0;1.0;A01
201500019417;0;1;0;0.0;2.0;4.0;2.0;B01
201500019424;0;1;0;0.0;2.0;8.0;19.0;B01
201500019425;0;1;0;0.0;2.0;1.0;5.0;B01
201500019426;0;1;0;0.0;0.0;7.0;1.0;A01
201500019427;0;1;0;0.0;1.0;1.0;1.0;A01
201500019429;0;1;0;0.0;2.0;2.0;1.0;B01
201500019430;0;1;0;0.0;2.0;7.0;0.0;B01
201500019442;0;1;0;0.0;1.0;1.0;1.0;A01
201500019453;0;1;0;0.0;2.0;8.0;19.0;B01
201500019454;0;1;0;0.0;2.0;1.0;9.0;A01
201500019455;0;1;0;0.0;2.0;8.0;2.0;B01
201500019460;0;1;0;0.0;2.0;1.0;14.0;B01
201500019461;0;1;0;0.0;2.0;8.0;19.0;B01
201500019467;0;1;0;0.0;2.0;7.0;19.0;B01
201500019474;0;1;0;0.0;0.0;0.0;0.0;A01
201500019477;1;1;0;0.0;9.0;0.0;17.0;B01
201500019477;0;1;0;0.0;9.0;7.0;2.0;A01
201500019485;0;1;0;1.0;0.0;1.0;1.0;B01
201500019505;0;1;0;0.0;2.0;1.0;5.0;A01
201500019509;0;1;0;0.0;0.0;4.0;2.0;B01
201500019510;0;1;0;0.0;2.0;1.0;1.0;B01
201500019525;0;1;0;0.0;2.0;4.0;1.0;B01
201500019533;0;1;0;0.0;2.0;1.0;1.0;B01
201500019537;1;1;0;0.0;1.0;0.0;0.0;Z01
201500019545;0;1;0;0.0;1.0;0.0;1.0;A01
201500019549;0;1;0;0.0;2.0;1.0;1.0;A01
201500019562;0;1;0;0.0;2.0;8.0;1.0;B01
201500019569;0;1;0;0.0;2.0;1.0;19.0;B01
201500019571;0;1;0;0.0;2.0;1.0;0.0;B01
201500019571;0;1;0;0.0;2.0;1.0;1.0;A01
201500019573;0;1;0;0.0;2.0;0.0;9.0;B01
201500019575;0;1;0;0.0;2.0;1.0;1.0;B01
201500019581;0;1;0;0.0;2.0;1.0;1.0;A01
201500019581;0;1;0;0.0;2.0;1.0;1.0;B01
201500019582;0;1;0;0.0;0.0;4.0;1.0;B01
201500019593;0;1;0;0.0;1.0;1.0;1.0;A01
201500019597;0;1;0;0.0;2.0;1.0;1.0;A01
201500019599;0;1;0;0.0;2.0;1.0;1.0;A01
201500019625;0;1;0;0.0;0.0;1.0;1.0;A01
201500019630;0;1;0;0.0;0.0;0.0;0.0;B01
201500019635;0;1;0;0.0;2.0;1.0;1.0;B01
201500019643;0;1;0;0.0;0.0;0.0;0.0;B01
201500019644;0;1;0;0.0;2.0;1.0;1.0;B01
201500019645;0;1;0;0.0;2.0;8.0;1.0;B01
201500019647;0;1;0;0.0;0.0;1.0;1.0;B01
201500019653;0;1;0;0.0;0.0;1.0;1.0;B01
201500019659;0;1;0;0.0;2.0;4.0;9.0;B01
201500019674;0;1;0;0.0;0.0;0.0;0.0;A01
201500019703;0;1;0;0.0;2.0;6.0;1.0;B02
201500019705;0;1;0;0.0;2.0;8.0;9.0;B02
201500019706;0;1;0;0.0;2.0;1.0;19.0;B02
201500019718;0;1;0;0.0;2.0;8.0;19.0;B02
201500019730;0;1;0;0.0;2.0;1.0;16.0;B02
201500019778;0;1;0;0.0;2.0;7.0;1.0;A01
201500019779;0;1;0;0.0;2.0;1.0;16.0;A01
201500019787;0;1;0;0.0;2.0;1.0;19.0;A01
201500019824;0;1;0;0.0;2.0;8.0;9.0;B02
201500019835;0;1;0;0.0;2.0;1.0;1.0;B01
201500019837;0;1;0;0.0;2.0;1.0;15.0;B01
201500019838;0;1;0;0.0;2.0;6.0;19.0;B01
201500019846;0;1;0;0.0;2.0;3.0;16.0;A01
201500019881;0;1;0;0.0;2.0;1.0;1.0;B01
201500020011;0;1;0;0.0;2.0;1.0;19.0;A01
201500020018;0;1;0;0.0;2.0;1.0;1.0;B01
201500020029;0;1;0;0.0;2.0;9.0;1.0;B01
201500020041;0;1;0;16.0;0.0;7.0;1.0;A01
201500020053;0;1;0;0.0;2.0;1.0;1.0;B02
201500020056;0;1;0;0.0;2.0;4.0;2.0;A01
201500020067;0;1;0;0.0;2.0;7.0;1.0;A01
201500020069;0;1;0;0.0;2.0;8.0;1.0;B02
201500020071;0;1;0;0.0;2.0;1.0;1.0;B02
201500020074;0;1;0;0.0;2.0;8.0;15.0;A01
201500020075;0;1;0;16.0;0.0;1.0;1.0;A01
201500020076;0;1;0;0.0;2.0;8.0;1.0;B02
201500020151;0;1;0;0.0;2.0;8.0;1.0;B01
201500020162;0;1;0;0.0;2.0;1.0;9.0;A01
201500020166;1;1;0;0.0;0.0;0.0;0.0;Z01
201500020168;0;1;0;0.0;2.0;1.0;1.0;B01
201500020171;0;1;0;0.0;2.0;1.0;1.0;B01
201500020185;0;1;0;0.0;2.0;1.0;1.0;B01
201500020194;0;1;0;0.0;2.0;4.0;3.0;B01
201500020200;0;1;0;0.0;2.0;4.0;1.0;B01
201500020210;0;1;0;0.0;2.0;1.0;2.0;B01
201500020216;0;1;0;0.0;2.0;1.0;1.0;B01
201500020228;0;1;0;0.0;2.0;1.0;1.0;B02
201500020246;0;1;0;1.0;0.0;7.0;5.0;A01
201500020258;0;1;0;0.0;2.0;0.0;0.0;A01
201500020265;0;1;0;0.0;2.0;3.0;16.0;B01
201500020281;0;1;0;0.0;2.0;1.0;1.0;B01
201500020292;0;1;0;0.0;0.0;0.0;0.0;A01
201500020294;0;1;0;0.0;0.0;0.0;0.0;B01
201500020301;0;1;0;0.0;2.0;6.0;13.0;B01
201500020302;0;1;0;0.0;2.0;0.0;0.0;B01
201500020316;0;1;0;0.0;2.0;8.0;0.0;B01
201500020347;0;1;0;0.0;2.0;8.0;2.0;B01
201500020350;0;1;0;0.0;2.0;1.0;19.0;B01
201500020354;0;1;0;0.0;0.0;1.0;1.0;B01
201500020357;0;1;0;0.0;0.0;0.0;0.0;A01
201500020372;0;1;0;0.0;2.0;8.0;9.0;B01
201500020377;0;1;0;0.0;2.0;1.0;19.0;B01
201500020410;0;1;0;15.0;0.0;0.0;1.0;A01
201500020426;0;1;0;0.0;2.0;1.0;1.0;B01
201500020439;0;1;0;0.0;2.0;7.0;15.0;B01
201500020447;0;1;0;0.0;1.0;1.0;1.0;A01
201500020465;0;1;0;0.0;2.0;3.0;1.0;B01
201500020483;0;1;0;0.0;2.0;7.0;1.0;B01
201500020500;0;1;0;0.0;2.0;1.0;1.0;B01
201500020511;0;1;0;0.0;2.0;1.0;19.0;B01
201500020515;0;1;0;0.0;2.0;4.0;1.0;B01
201500020540;0;1;0;0.0;2.0;4.0;1.0;B01
201500020546;0;1;0;0.0;1.0;0.0;0.0;A01
201500020551;0;1;0;0.0;1.0;0.0;0.0;A01
201500020565;0;1;0;0.0;2.0;1.0;1.0;B01
201500020567;0;1;0;0.0;2.0;0.0;0.0;B01
201500020569;0;1;0;0.0;0.0;0.0;0.0;A01
201500020575;0;1;0;0.0;2.0;0.0;0.0;A01
201500020581;0;1;0;0.0;2.0;1.0;19.0;A01
201500020584;0;1;0;0.0;2.0;1.0;1.0;B01
201500020587;0;1;0;0.0;2.0;1.0;5.0;A01
201500020589;0;1;0;0.0;0.0;0.0;0.0;A01
201500020591;0;1;0;0.0;2.0;8.0;15.0;B01
201500020612;0;1;0;0.0;2.0;1.0;9.0;A01
201500020614;0;1;0;0.0;2.0;1.0;1.0;B01
201500020615;0;1;0;0.0;0.0;0.0;0.0;A01
201500020624;0;1;0;0.0;0.0;0.0;0.0;A01
201500020633;0;1;0;1.0;0.0;1.0;1.0;B01
201500020641;0;1;0;0.0;2.0;1.0;19.0;A01
201500020641;1;1;0;0.0;2.0;0.0;0.0;Z01
201500020644;0;1;0;0.0;0.0;0.0;0.0;B01
201500020648;0;1;0;0.0;2.0;7.0;0.0;B01
201500020681;0;1;0;0.0;0.0;0.0;0.0;B01
201500020681;0;1;0;0.0;0.0;0.0;0.0;A01
201500020689;0;1;0;0.0;2.0;7.0;2.0;B01
201500020690;0;1;0;0.0;2.0;0.0;0.0;B01
201500020696;0;1;0;1.0;0.0;8.0;2.0;A01
201500020697;0;1;0;0.0;2.0;1.0;15.0;A01
201500020700;0;1;0;0.0;0.0;0.0;0.0;B01
201500020702;0;1;0;0.0;2.0;1.0;1.0;B01
201500020704;0;1;0;0.0;2.0;8.0;1.0;B01
201500020709;0;1;0;0.0;0.0;0.0;0.0;B01
201500020711;0;1;0;0.0;0.0;0.0;0.0;B01
201500020712;0;1;0;0.0;2.0;0.0;0.0;B01
201500020725;0;1;0;0.0;2.0;8.0;1.0;B02
201500020733;0;1;0;0.0;0.0;4.0;2.0;B02
201500020737;0;1;0;0.0;2.0;4.0;1.0;A01
201500020741;0;1;0;0.0;0.0;8.0;13.0;A01
201500020747;0;1;0;0.0;0.0;3.0;2.0;B02
201500020749;0;1;0;0.0;2.0;1.0;1.0;B02
201500020786;0;1;0;0.0;2.0;1.0;15.0;B01
201500020794;0;1;0;0.0;0.0;4.0;1.0;B01
201500020809;0;1;0;0.0;2.0;2.0;0.0;B01
201500020811;0;1;0;1.0;0.0;0.0;0.0;B01
201500020814;0;1;0;0.0;2.0;8.0;18.0;A01
201500020821;0;1;0;0.0;2.0;6.0;19.0;B01
201500020823;0;1;0;0.0;1.0;0.0;21.0;A01
201500020827;0;1;0;0.0;0.0;4.0;1.0;B01
201500020834;0;1;0;0.0;2.0;7.0;0.0;B01
201500020841;0;1;0;0.0;2.0;1.0;19.0;A01
201500020844;0;1;0;0.0;2.0;8.0;1.0;B01
201500020856;0;1;0;0.0;2.0;1.0;1.0;B01
201500020861;0;1;0;0.0;0.0;4.0;1.0;B01
201500020875;0;1;0;0.0;2.0;0.0;0.0;B01
201500020879;0;1;0;0.0;2.0;1.0;5.0;A01
201500020881;0;1;0;0.0;2.0;2.0;1.0;B01
201500020883;0;1;0;0.0;2.0;7.0;0.0;A01
201500020884;0;1;0;0.0;2.0;8.0;0.0;B01
201500020898;0;1;0;1.0;0.0;1.0;2.0;B01
201500020904;0;1;0;0.0;2.0;0.0;1.0;A01
201500020905;0;1;0;0.0;2.0;1.0;2.0;B01
201500020911;0;1;0;0.0;2.0;0.0;0.0;B01
201500020920;0;1;0;0.0;2.0;7.0;2.0;B01
201500020940;0;1;0;0.0;2.0;1.0;9.0;A01
201500020952;0;1;0;0.0;2.0;3.0;2.0;B01