Num_Acc;senc;catv;occutc;obs;obsm;choc;manv;num_veh
201500027767;0;1;0;0.0;2.0;7.0;2.0;B01
201500027768;0;1;0;0.0;2.0;0.0;0.0;B01
201500027775;0;1;0;0.0;9.0;1.0;2.0;A01
201500027793;0;1;0;1.0;0.0;1.0;1.0;B01
201500027827;0;1;0;0.0;2.0;1.0;1.0;B01
201500027846;0;1;0;0.0;2.0;0.0;1.0;A01
201500027846;0;1;0;16.0;0.0;7.0;21.0;B01
201500027851;0;1;0;0.0;2.0;1.0;1.0;A01
201500027883;0;1;0;16.0;0.0;0.0;1.0;A01
201500027892;0;1;0;0.0;2.0;7.0;1.0;B01
201500027904;0;1;0;0.0;0.0;8.0;1.0;A01
201500027909;0;1;0;0.0;1.0;3.0;1.0;A01
201500027919;0;1;0;0.0;2.0;7.0;15.0;A01
201500027920;0;1;0;14.0;0.0;1.0;1.0;A01
201500027924;0;1;0;1.0;0.0;1.0;1.0;B01
201500027940;0;1;0;0.0;2.0;1.0;1.0;A01
201500027943;0;1;0;1.0;0.0;1.0;1.0;B01
201500027946;0;1;0;0.0;2.0;4.0;15.0;B01
201500027950;0;1;0;0.0;2.0;0.0;24.0;B01
201500027955;0;1;0;16.0;0.0;0.0;1.0;B01
201500027988;0;1;0;15.0;0.0;3.0;1.0;A01
201500027991;0;1;0;0.0;2.0;1.0;15.0;A01
201500027999;0;1;0;12.0;0.0;1.0;14.0;A01
201500028015;0;1;0;0.0;2.0;8.0;15.0;B01
201500028021;0;1;0;0.0;2.0;0.0;1.0;A01
201500028043;0;1;0;0.0;2.0;1.0;16.0;B01
201500028048;0;1;0;0.0;1.0;1.0;1.0;A01
201500028050;0;1;0;0.0;0.0;0.0;1.0;A01
201500028056;0;1;0;0.0;2.0;3.0;11.0;A01
201500028060;0;1;0;0.0;2.0;7.0;1.0;A01
201500028077;0;1;0;16.0;0.0;7.0;1.0;A01
201500028086;0;1;0;0.0;2.0;1.0;1.0;B01
201500028091;0;1;0;0.0;2.0;1.0;9.0;B01
201500028095;0;1;0;0.0;2.0;0.0;2.0;B01
201500028096;0;1;0;0.0;2.0;1.0;1.0;B01
201500028099;0;1;0;0.0;2.0;6.0;16.0;B01
201500028100;0;1;0;0.0;2.0;8.0;19.0;A01
201500028108;0;1;0;0.0;2.0;4.0;1.0;B01
201500028143;0;1;0;0.0;2.0;7.0;1.0;B01
201500028154;0;1;0;0.0;2.0;0.0;0.0;A01
201500028154;0;1;0;0.0;2.0;0.0;0.0;B01
201500028163;0;1;0;0.0;2.0;1.0;0.0;C01
201500028165;0;1;0;0.0;2.0;8.0;1.0;B01
201500028177;0;1;0;0.0;2.0;1.0;19.0;A01
201500028177;0;1;0;0.0;2.0;1.0;1.0;B01
201500028187;0;1;0;0.0;2.0;1.0;1.0;B01
201500028200;0;1;0;0.0;2.0;1.0;1.0;B01
201500028209;0;1;0;0.0;2.0;3.0;15.0;A01
201500028217;0;1;0;0.0;2.0;0.0;0.0;B01
201500028219;0;1;0;0.0;2.0;1.0;0.0;A01
201500028220;0;1;0;0.0;2.0;1.0;1.0;B01
201500028228;0;1;0;0.0;2.0;8.0;19.0;A01
201500028232;0;1;0;0.0;2.0;4.0;2.0;B01
201500028240;0;1;0;0.0;1.0;1.0;1.0;A01
201500028248;0;1;0;0.0;2.0;8.0;0.0;B01
201500028253;0;1;0;0.0;2.0;1.0;1.0;B01
201500028266;0;1;0;0.0;2.0;1.0;1.0;B01
201500028273;0;1;0;0.0;2.0;1.0;21.0;B01
201500028280;0;1;0;0.0;2.0;1.0;1.0;B01
201500028283;0;1;0;0.0;2.0;1.0;1.0;B01
201500028290;0;1;0;0.0;0.0;0.0;0.0;B01
201500028301;0;1;0;0.0;2.0;1.0;19.0;A01
201500028307;0;1;0;0.0;2.0;7.0;0.0;B01
201500028308;0;1;0;0.0;2.0;1.0;1.0;B01
201500028308;0;1;0;0.0;2.0;1.0;1.0;C01
201500028308;0;1;0;0.0;2.0;1.0;1.0;D01
201500028308;0;1;0;0.0;2.0;1.0;0.0;E01
201500028308;0;1;0;0.0;2.0;1.0;1.0;F01
201500028308;0;1;0;0.0;0.0;0.0;0.0;G02
201500028308;0;1;0;0.0;2.0;1.0;1.0;H02
201500028308;0;1;0;0.0;2.0;1.0;1.0;I02
201500028308;0;1;0;0.0;2.0;1.0;1.0;J02
201500028308;0;1;0;0.0;2.0;1.0;1.0;K02
201500028308;0;1;0;0.0;2.0;1.0;1.0;L03
201500028308;0;1;0;0.0;2.0;1.0;1.0;M03
201500028313;0;1;0;0.0;1.0;0.0;0.0;A01
201500028315;0;1;0;0.0;2.0;5.0;2.0;B01
201500028347;0;1;0;0.0;2.0;1.0;0.0;B01
201500028358;2;1;0;0.0;2.0;1.0;1.0;X01
201500028387;0;1;0;0.0;2.0;3.0;0.0;B01
201500028429;0;1;0;0.0;0.0;0.0;23.0;D01
201500028435;0;1;0;0.0;1.0;1.0;5.0;A01
201500028439;1;1;0;0.0;2.0;0.0;0.0;Z01
201500028447;0;1;0;0.0;2.0;1.0;1.0;B01
201500028452;0;1;0;0.0;2.0;1.0;1.0;B01
201500028456;0;1;0;0.0;4.0;1.0;1.0;A01
201500028459;0;1;0;0.0;2.0;8.0;13.0;A01
201500028464;1;1;0;0.0;1.0;0.0;0.0;Z01
201500028466;0;1;0;0.0;2.0;1.0;5.0;A01
201500028474;0;1;0;0.0;2.0;1.0;19.0;A01
201500028476;0;1;0;0.0;2.0;8.0;19.0;B01
201500028477;0;1;0;0.0;2.0;1.0;1.0;B01
201500028490;0;1;0;0.0;2.0;7.0;14.0;A01
201500028494;0;1;0;0.0;2.0;1.0;1.0;B01
201500028500;1;1;0;0.0;1.0;0.0;0.0;Z01
201500028514;0;1;0;0.0;1.0;1.0;1.0;A01
201500028517;0;1;0;1.0;0.0;1.0;1.0;B01
201500028522;0;1;0;0.0;2.0;1.0;1.0;B01
201500028523;2;1;0;0.0;2.0;1.0;1.0;A01
201500028538;0;1;0;0.0;2.0;1.0;8.0;A01
201500028541;0;1;0;0.0;2.0;1.0;2.0;A01
201500028548;1;1;0;0.0;1.0;1.0;0.0;A01
201500028551;0;1;0;0.0;2.0;2.0;1.0;B01
201500028558;0;1;0;0.0;2.0;1.0;2.0;A01
201500028561;0;1;0;0.0;2.0;8.0;19.0;B01
201500028563;0;1;0;0.0;2.0;1.0;1.0;A01
201500028565;0;1;0;0.0;2.0;1.0;1.0;A01
201500028569;0;1;0;0.0;2.0;1.0;2.0;A01
201500028581;0;1;0;0.0;2.0;1.0;1.0;B01
201500028584;1;1;0;0.0;1.0;0.0;0.0;A01
201500028591;0;1;0;0.0;2.0;1.0;9.0;A01
201500028606;0;1;0;0.0;2.0;1.0;1.0;A01
201500028619;0;1;0;0.0;2.0;4.0;16.0;B01
201500028639;0;1;0;0.0;2.0;8.0;1.0;B01
201500028642;1;1;0;0.0;1.0;0.0;0.0;Z01
201500028646;0;1;0;0.0;2.0;1.0;1.0;A01
201500028652;1;1;0;0.0;2.0;0.0;0.0;A01
201500028652;0;1;0;0.0;2.0;4.0;1.0;B01
201500028656;1;1;0;0.0;2.0;1.0;0.0;A01
201500028658;1;1;0;0.0;1.0;3.0;0.0;A01
201500028671;0;1;0;0.0;2.0;1.0;1.0;A01
201500028676;0;1;0;0.0;2.0;1.0;1.0;A01
201500028684;0;1;0;0.0;2.0;1.0;5.0;A01
201500028685;1;1;0;0.0;2.0;1.0;2.0;Z01
201500028699;0;1;0;0.0;2.0;1.0;5.0;A01
201500028705;0;1;0;0.0;2.0;4.0;2.0;B01
201500028714;0;1;0;0.0;2.0;2.0;1.0;B01
201500028723;0;1;0;0.0;2.0;7.0;1.0;B01
201500028731;0;1;0;0.0;2.0;1.0;2.0;A01
201500028743;0;1;0;0.0;2.0;2.0;1.0;B01
201500028753;0;1;0;0.0;2.0;1.0;5.0;A01
201500028758;0;1;0;0.0;1.0;2.0;1.0;A01
201500028765;0;1;0;0.0;2.0;1.0;1.0;B01
201500028774;0;1;0;0.0;2.0;7.0;19.0;B01
201500028787;1;1;0;0.0;1.0;0.0;0.0;Z01
201500028793;0;1;0;0.0;1.0;1.0;1.0;A01
201500028795;0;1;0;0.0;1.0;1.0;1.0;A01
201500028806;0;1;0;0.0;2.0;1.0;19.0;B01
201500028828;0;1;0;1.0;0.0;0.0;0.0;A01
201500028833;0;1;0;0.0;2.0;7.0;15.0;B01
201500028840;0;1;0;0.0;2.0;1.0;5.0;B01
201500028865;0;1;0;8.0;0.0;1.0;13.0;A01
201500028872;0;1;0;0.0;2.0;1.0;0.0;B01
201500028875;0;1;0;0.0;2.0;0.0;1.0;B01
201500028879;0;1;0;0.0;2.0;0.0;0.0;A01
201500028883;0;1;0;0.0;2.0;0.0;0.0;B01
201500028886;0;1;0;0.0;2.0;0.0;0.0;A01
201500028894;0;1;0;0.0;2.0;8.0;0.0;A01
201500028898;0;1;0;0.0;2.0;1.0;0.0;B01
201500028901;0;1;0;16.0;0.0;0.0;0.0;A01
201500028906;0;1;0;0.0;2.0;1.0;2.0;A01
201500028906;0;1;0;0.0;2.0;4.0;0.0;B01
201500028913;0;1;0;0.0;2.0;3.0;5.0;B01
201500028918;0;1;0;0.0;2.0;0.0;0.0;B01
201500028930;0;1;0;0.0;0.0;0.0;0.0;A01
201500028956;0;1;0;0.0;2.0;0.0;0.0;B01
201500028959;0;1;0;16.0;0.0;0.0;0.0;A01
201500028971;0;1;0;0.0;0.0;0.0;0.0;A01
201500028972;0;1;0;0.0;5.0;0.0;0.0;A01
201500028974;0;1;0;0.0;2.0;0.0;0.0;A01
201500028978;0;1;0;0.0;0.0;0.0;0.0;A01
201500028979;0;1;0;0.0;2.0;0.0;0.0;B01
201500028990;0;1;0;0.0;2.0;7.0;0.0;B01
201500029006;0;1;0;0.0;2.0;4.0;0.0;B01
201500029017;0;1;0;0.0;0.0;0.0;0.0;B01
201500029023;0;1;0;0.0;2.0;1.0;0.0;B01
201500029026;0;1;0;0.0;2.0;0.0;0.0;B01
201500029027;0;1;0;0.0;0.0;0.0;0.0;A01
201500029043;0;1;0;0.0;2.0;0.0;0.0;B01
201500029053;0;1;0;0.0;0.0;0.0;0.0;A01
201500029056;0;1;0;0.0;1.0;1.0;0.0;A01
201500029061;0;1;0;0.0;0.0;0.0;0.0;A01
201500029063;0;1;0;0.0;2.0;4.0;0.0;B01
201500029066;0;1;0;0.0;2.0;0.0;0.0;B01
201500029071;0;1;0;0.0;2.0;0.0;0.0;B01
201500029075;0;1;0;0.0;2.0;0.0;0.0;B01
201500029077;0;1;0;12.0;0.0;0.0;0.0;A01
201500029084;0;1;0;12.0;0.0;0.0;0.0;A01
201500029090;0;1;0;0.0;2.0;0.0;0.0;B01
201500029101;0;1;0;0.0;2.0;0.0;0.0;B01
201500029103;0;1;0;0.0;2.0;0.0;0.0;A01
201500029106;0;1;0;0.0;2.0;0.0;1.0;B01
201500029112;0;1;0;0.0;2.0;0.0;0.0;B01
201500029115;0;1;0;0.0;0.0;0.0;0.0;A01
201500029122;0;1;0;0.0;0.0;0.0;0.0;A01
201500029135;0;1;0;0.0;2.0;2.0;1.0;B01
201500029138;0;1;0;14.0;0.0;1.0;1.0;A01
201500029147;0;1;0;0.0;0.0;0.0;0.0;B01
201500029167;0;1;0;0.0;2.0;1.0;1.0;B01
201500029220;0;1;0;0.0;2.0;1.0;1.0;B01
201500029234;0;1;0;1.0;2.0;0.0;1.0;B01
201500029244;0;1;0;0.0;2.0;1.0;19.0;A01
201500029247;0;1;0;0.0;2.0;0.0;0.0;D01
201500029250;0;1;0;0.0;2.0;1.0;0.0;B01
201500029259;0;1;0;0.0;2.0;1.0;0.0;B01
201500029266;0;1;0;0.0;2.0;0.0;0.0;A01
201500029271;0;1;0;0.0;2.0;0.0;19.0;B01
201500029272;0;1;0;0.0;2.0;1.0;0.0;A01
201500029283;0;1;0;0.0;1.0;1.0;1.0;A01
201500029294;0;1;0;0.0;2.0;0.0;1.0;B01
201500029296;0;1;0;1.0;0.0;1.0;1.0;B01
201500029309;0;1;0;0.0;0.0;0.0;0.0;B01
201500029386;0;1;0;0.0;2.0;1.0;1.0;B01
201500029389;0;1;0;0.0;2.0;3.0;19.0;B01
201500029408;0;1;0;0.0;2.0;3.0;1.0;B01
201500029423;0;1;0;0.0;2.0;8.0;15.0;B02
201500029424;0;1;0;0.0;9.0;4.0;1.0;B02
201500029424;0;1;0;0.0;9.0;1.0;1.0;A01
201500029433;0;1;0;0.0;2.0;8.0;0.0;B01
201500029434;0;1;0;0.0;2.0;1.0;0.0;A01
201500029441;0;1;0;0.0;2.0;1.0;1.0;B01
201500029443;0;1;0;0.0;2.0;1.0;1.0;B01
201500029447;0;1;0;0.0;0.0;0.0;0.0;A01
201500029457;0;1;0;12.0;0.0;0.0;1.0;A01
201500029460;0;1;0;0.0;2.0;0.0;1.0;B01
201500029463;0;1;0;0.0;2.0;0.0;0.0;B01
201500029466;0;1;0;0.0;0.0;4.0;1.0;B01
201500029478;0;1;0;0.0;0.0;7.0;0.0;A01
201500029496;0;1;0;0.0;2.0;6.0;0.0;B01
201500029504;0;1;0;0.0;2.0;0.0;1.0;A01
201500029519;0;1;0;0.0;2.0;7.0;0.0;B01
201500029526;0;1;0;0.0;2.0;4.0;2.0;B02
201500029549;0;1;0;0.0;2.0;1.0;1.0;B01
201500029562;0;1;0;0.0;2.0;8.0;2.0;B01
201500029567;0;1;0;0.0;2.0;7.0;1.0;B01
201500029582;0;1;0;16.0;0.0;0.0;17.0;B01
201500029585;0;1;0;0.0;2.0;1.0;1.0;A01
201500029587;0;1;0;0.0;1.0;0.0;0.0;A01
201500029603;0;1;0;0.0;2.0;4.0;15.0;B01
201500029604;0;1;0;0.0;0.0;0.0;0.0;B01
201500029607;0;1;0;0.0;2.0;4.0;0.0;B01
201500029621;0;1;0;0.0;2.0;1.0;1.0;B01
201500029623;0;1;0;0.0;0.0;0.0;0.0;B01
201500029625;0;1;0;0.0;2.0;1.0;15.0;A01
201500029626;0;1;0;0.0;2.0;4.0;13.0;A01
201500029643;0;1;0;0.0;2.0;4.0;2.0;B01
201500029653;0;1;0;0.0;2.0;7.0;19.0;A01
201500029658;0;1;0;0.0;0.0;0.0;0.0;B01
201500029669;0;1;0;0.0;2.0;1.0;19.0;B01
201500029683;0;1;0;0.0;2.0;7.0;19.0;B01
201500029689;0;1;0;0.0;2.0;1.0;1.0;B01
201500029703;0;1;0;0.0;2.0;8.0;19.0;B01
201500029708;0;1;0;0.0;2.0;0.0;1.0;B01
201500029714;0;1;0;1.0;0.0;1.0;1.0;A01
201500029718;0;1;0;0.0;2.0;4.0;1.0;B01
201500029720;0;1;0;0.0;2.0;3.0;15.0;A01
201500029724;0;1;0;0.0;2.0;8.0;1.0;B01
201500029731;0;1;0;0.0;0.0;8.0;1.0;B01
201500029735;0;1;0;0.0;2.0;7.0;1.0;A01
201500029738;0;1;0;0.0;2.0;8.0;19.0;B01
201500029753;0;1;0;0.0;2.0;1.0;11.0;B01
201500029765;0;1;0;0.0;2.0;8.0;15.0;B01
201500029767;0;1;0;0.0;2.0;1.0;1.0;B01
201500029779;0;1;0;0.0;9.0;4.0;14.0;B01
201500029780;0;1;0;0.0;0.0;1.0;0.0;B01
201500029795;0;1;0;0.0;2.0;0.0;19.0;B01
201500029796;0;1;0;0.0;1.0;1.0;2.0;A01
201500029800;0;1;0;0.0;2.0;0.0;1.0;B01
201500029803;0;1;0;0.0;0.0;4.0;1.0;A01
201500029805;0;1;0;0.0;0.0;0.0;16.0;A01
201500029807;0;1;0;0.0;2.0;0.0;19.0;B01
201500029811;0;1;0;0.0;2.0;1.0;1.0;B01
201500029821;0;1;0;0.0;2.0;1.0;2.0;B01
201500029826;0;1;0;0.0;2.0;7.0;15.0;A01
201500029834;0;1;0;0.0;2.0;1.0;1.0;B01
201500029835;0;1;0;0.0;2.0;0.0;1.0;B01
201500029850;0;1;0;0.0;1.0;1.0;17.0;A01
201500029864;0;1;0;0.0;2.0;4.0;2.0;B01
201500029887;0;1;0;0.0;2.0;1.0;1.0;M01
201500029888;0;1;0;0.0;9.0;0.0;1.0;A01
201500029890;0;1;0;0.0;9.0;7.0;1.0;B01
201500029895;0;1;0;16.0;0.0;0.0;0.0;B01
201500029898;0;1;0;0.0;1.0;1.0;1.0;A01
201500029903;1;1;0;0.0;2.0;0.0;0.0;A01
201500029908;0;1;0;0.0;1.0;3.0;0.0;A01
201500029911;0;1;0;0.0;2.0;3.0;0.0;B01
201500029921;0;1;0;0.0;2.0;4.0;15.0;C01
201500029921;0;1;0;0.0;2.0;4.0;15.0;B01
201500029943;0;1;0;0.0;2.0;0.0;0.0;B01
201500029947;0;1;0;0.0;1.0;1.0;1.0;A01
201500029955;0;1;0;0.0;0.0;0.0;0.0;A01
201500029969;1;1;0;14.0;1.0;0.0;0.0;A01
201500030005;0;1;0;0.0;2.0;1.0;1.0;A01
201500030010;0;1;0;0.0;2.0;1.0;0.0;A01
201500030019;0;1;0;0.0;2.0;4.0;0.0;B01
201500030024;0;1;0;0.0;0.0;0.0;0.0;A01
201500030032;0;1;0;0.0;0.0;1.0;0.0;B01
201500030034;0;1;0;0.0;0.0;0.0;0.0;B01
201500030036;0;1;0;0.0;2.0;0.0;0.0;B01
201500030041;0;1;0;0.0;2.0;4.0;2.0;B01
201500030071;0;1;0;0.0;2.0;0.0;0.0;B01
201500030077;0;1;0;0.0;2.0;1.0;19.0;A01
201500030082;0;1;0;0.0;0.0;0.0;0.0;B01
201500030088;0;1;0;0.0;2.0;8.0;19.0;B01
201500030095;0;1;0;0.0;2.0;6.0;2.0;B01
201500030098;0;1;0;0.0;2.0;1.0;1.0;B01
201500030099;0;1;0;0.0;0.0;0.0;0.0;B01
201500030104;0;1;0;0.0;1.0;1.0;1.0;A01
201500030118;0;1;0;0.0;2.0;1.0;17.0;B01
201500030137;0;1;0;0.0;2.0;1.0;1.0;A01
201500030148;0;1;0;0.0;0.0;4.0;2.0;B01
201500030154;0;1;0;0.0;0.0;0.0;0.0;A01
201500030157;0;1;0;0.0;2.0;1.0;0.0;B01
201500030160;0;1;0;0.0;2.0;1.0;15.0;B01
201500030163;0;1;0;0.0;2.0;2.0;17.0;B01
201500030171;0;1;0;0.0;0.0;0.0;0.0;B01
201500030179;0;1;0;0.0;0.0;0.0;0.0;A01
201500030182;0;1;0;0.0;2.0;1.0;19.0;B01
201500030192;0;1;0;0.0;0.0;0.0;0.0;B01
201500030195;0;1;0;0.0;2.0;7.0;15.0;B01
201500030198;0;1;0;0.0;2.0;1.0;2.0;B01
201500030223;0;1;0;0.0;2.0;7.0;15.0;B01
201500030237;0;1;0;0.0;2.0;1.0;18.0;B01
201500030241;0;1;0;0.0;2.0;1.0;5.0;A01
201500030252;0;1;0;0.0;0.0;1.0;0.0;A01
201500030284;0;1;0;0.0;2.0;5.0;2.0;B01
201500030291;0;1;0;0.0;2.0;0.0;1.0;B01
201500030293;0;1;0;0.0;2.0;7.0;1.0;B01
201500030302;0;1;0;0.0;2.0;3.0;0.0;A01
201500030333;0;1;0;0.0;2.0;0.0;0.0;B01
201500030335;0;1;0;0.0;0.0;0.0;0.0;A01
201500030338;0;1;0;0.0;2.0;8.0;19.0;A01
201500030364;0;1;0;0.0;2.0;2.0;1.0;B01
201500030370;0;1;0;0.0;2.0;0.0;0.0;B01
201500030372;0;1;0;0.0;0.0;0.0;0.0;B01
201500030380;0;1;0;0.0;2.0;1.0;1.0;B01
201500030381;0;1;0;0.0;2.0;1.0;1.0;B01
201500030407;0;1;0;0.0;2.0;1.0;1.0;B01
201500030416;0;1;0;0.0;0.0;0.0;1.0;B01
201500030440;0;1;0;0.0;2.0;1.0;19.0;B01
201500030441;0;1;0;0.0;0.0;0.0;0.0;B01
201500030458;0;1;0;0.0;0.0;4.0;1.0;B01
201500030475;0;1;0;0.0;2.0;0.0;1.0;A01
201500030509;0;1;0;0.0;0.0;0.0;19.0;B02
201500030515;0;1;0;0.0;2.0;3.0;1.0;B02
201500030519;0;1;0;0.0;2.0;4.0;1.0;B02
201500030536;0;1;0;0.0;2.0;1.0;1.0;B02
201500030545;0;1;0;0.0;2.0;8.0;1.0;B02
201500030550;0;1;0;0.0;9.0;1.0;2.0;A01
201500030550;0;1;0;0.0;9.0;4.0;2.0;B02
201500030555;0;1;0;0.0;0.0;1.0;1.0;A01
201500030565;0;1;0;0.0;0.0;7.0;1.0;B01
201500030566;0;1;0;0.0;0.0;7.0;1.0;B01
201500030577;0;1;0;0.0;2.0;8.0;19.0;B01
201500030582;0;1;0;0.0;2.0;8.0;9.0;A01
201500030599;0;1;0;0.0;2.0;0.0;0.0;B01
201500030613;0;1;0;0.0;2.0;1.0;0.0;B01
201500030636;0;1;0;0.0;2.0;1.0;1.0;B01
201500030638;0;1;0;15.0;0.0;1.0;1.0;A01
201500030640;0;1;0;0.0;2.0;1.0;2.0;A01
201500030640;0;1;0;0.0;2.0;4.0;23.0;B01
201500030644;0;1;0;0.0;2.0;7.0;15.0;B01
201500030646;0;1;0;0.0;2.0;6.0;1.0;B01
201500030650;0;1;0;0.0;2.0;2.0;16.0;B01
201500030656;0;1;0;0.0;1.0;1.0;1.0;A01
201500030662;0;1;0;0.0;2.0;1.0;5.0;A01
201500030664;0;1;0;0.0;2.0;3.0;15.0;A01
201500030670;0;1;0;0.0;2.0;1.0;1.0;B01
201500030697;0;1;0;0.0;2.0;7.0;1.0;B01
201500030709;0;1;0;0.0;2.0;1.0;15.0;B01
201500030710;0;1;0;0.0;2.0;8.0;1.0;B02
201500030723;0;1;0;0.0;0.0;5.0;15.0;B02
201500030732;0;1;0;0.0;2.0;1.0;1.0;B02
201500030789;0;1;0;0.0;2.0;1.0;1.0;B01
201500030805;0;1;0;0.0;2.0;4.0;1.0;A01
201500030806;0;1;0;0.0;2.0;3.0;19.0;B01
201500030818;0;1;0;0.0;2.0;8.0;19.0;B01
201500030826;0;1;0;0.0;2.0;8.0;1.0;B01
201500030833;0;1;0;0.0;2.0;7.0;19.0;B01
201500030843;0;1;0;0.0;2.0;7.0;1.0;B01
201500030859;0;1;0;0.0;0.0;0.0;0.0;B01
201500030882;0;1;0;0.0;2.0;5.0;15.0;B01
201500030904;0;1;0;0.0;2.0;4.0;2.0;A01
201500030916;0;1;0;0.0;2.0;4.0;12.0;B01
201500030924;0;1;0;0.0;2.0;1.0;1.0;B01
201500030933;0;1;0;0.0;2.0;8.0;2.0;B01
201500030950;0;1;0;0.0;0.0;0.0;0.0;B01
201500030956;0;1;0;0.0;0.0;8.0;13.0;B01
201500030960;0;1;0;0.0;2.0;3.0;19.0;A01
201500030961;0;1;0;0.0;2.0;1.0;1.0;B01
201500030964;0;1;0;0.0;2.0;1.0;19.0;B01
201500030979;2;1;0;0.0;1.0;1.0;0.0;Z01
201500030988;0;1;0;9.0;2.0;6.0;2.0;B01
201500031002;0;1;0;0.0;2.0;7.0;1.0;B01
201500031016;0;1;0;0.0;2.0;3.0;19.0;B01
201500031017;0;1;0;0.0;2.0;7.0;2.0;B01
201500031031;0;1;0;0.0;2.0;1.0;5.0;B01
201500031051;0;1;0;0.0;2.0;1.0;1.0;B01
201500031054;0;1;0;0.0;2.0;1.0;1.0;B01
201500031055;0;1;0;0.0;0.0;0.0;0.0;B01
201500031066;0;1;0;0.0;2.0;3.0;13.0;B01
201500031068;0;1;0;1.0;0.0;0.0;0.0;B01
201500031094;0;1;0;0.0;2.0;1.0;2.0;B01
201500031095;0;1;0;0.0;0.0;1.0;1.0;A01
201500031105;0;1;0;0.0;2.0;1.0;1.0;A01
201500031117;0;1;0;0.0;0.0;0.0;0.0;A01
201500031123;0;1;0;0.0;2.0;5.0;19.0;B01
201500031161;0;1;0;0.0;1.0;0.0;0.0;A01
201500031164;0;1;0;0.0;0.0;0.0;0.0;A01
201500031171;0;1;0;0.0;2.0;0.0;0.0;B01
201500031187;0;1;0;0.0;2.0;1.0;1.0;B01
201500031193;0;1;0;0.0;0.0;8.0;1.0;B01
201500031202;0;1;0;0.0;2.0;4.0;1.0;B01
201500031247;0;1;0;0.0;2.0;3.0;13.0;A01
201500031247;0;1;0;0.0;2.0;3.0;21.0;B01
201500031248;0;1;0;0.0;2.0;0.0;21.0;B01
201500031267;0;1;0;0.0;2.0;7.0;1.0;B01
201500031270;0;1;0;0.0;2.0;1.0;1.0;B01
201500031275;0;1;0;0.0;2.0;7.0;1.0;B01
201500031279;1;1;0;0.0;1.0;0.0;0.0;Z01
201500031280;0;1;0;0.0;2.0;7.0;1.0;B01
201500031282;0;1;0;0.0;2.0;1.0;0.0;A01
201500031289;0;1;0;0.0;0.0;0.0;1.0;A01
201500031294;0;1;0;0.0;0.0;0.0;1.0;A01
201500031307;0;1;0;1.0;0.0;1.0;1.0;B01
201500031313;0;1;0;0.0;2.0;1.0;17.0;A01
201500031320;0;1;0;1.0;0.0;1.0;1.0;A01
201500031333;0;1;0;0.0;2.0;0.0;0.0;B01
201500031365;0;1;0;0.0;2.0;1.0;15.0;A01
201500031370;0;1;0;0.0;2.0;1.0;1.0;B01
201500031388;0;1;0;0.0;2.0;0.0;0.0;B01
201500031403;0;1;0;0.0;2.0;4.0;1.0;B01
201500031409;0;1;0;0.0;2.0;1.0;1.0;B01
201500031410;0;1;0;0.0;2.0;1.0;2.0;B01
201500031417;0;1;0;0.0;2.0;7.0;1.0;B01
201500031418;0;1;0;0.0;2.0;1.0;1.0;B01
201500031435;0;1;0;0.0;2.0;1.0;5.0;B01
201500031435;0;1;0;0.0;2.0;1.0;16.0;A01
201500031437;0;1;0;0.0;2.0;2.0;1.0;B01
201500031443;0;1;0;0.0;2.0;1.0;5.0;A01