Num_Acc;senc;catv;occutc;obs;obsm;choc;manv;num_veh
201500031452;0;1;0;0.0;2.0;1.0;1.0;C01
201500031460;0;1;0;0.0;2.0;1.0;1.0;B01
201500031461;0;1;0;0.0;2.0;1.0;1.0;B01
201500031469;0;1;0;0.0;2.0;5.0;0.0;B01
201500031483;0;1;0;0.0;2.0;1.0;1.0;A01
201500031485;0;1;0;0.0;2.0;1.0;15.0;A01
201500031488;0;1;0;0.0;2.0;2.0;1.0;B01
201500031500;0;1;0;0.0;2.0;1.0;1.0;B01
201500031514;0;1;0;0.0;2.0;1.0;2.0;B01
201500031520;0;1;0;0.0;2.0;1.0;1.0;B01
201500031549;0;1;0;0.0;2.0;1.0;1.0;B01
201500031554;0;1;0;0.0;2.0;7.0;1.0;B01
201500031558;0;1;0;0.0;2.0;1.0;1.0;B01
201500031560;0;1;0;0.0;2.0;1.0;19.0;B01
201500031566;0;1;0;0.0;2.0;1.0;15.0;A01
201500031568;0;1;0;0.0;2.0;4.0;1.0;B01
201500031572;0;1;0;0.0;2.0;1.0;1.0;B01
201500031589;0;1;0;0.0;2.0;1.0;1.0;B01
201500031590;0;1;0;0.0;2.0;7.0;1.0;B01
201500031591;0;1;0;0.0;2.0;1.0;1.0;B01
201500031597;0;1;0;0.0;2.0;8.0;1.0;B01
201500031606;0;1;0;0.0;2.0;7.0;1.0;B01
201500031623;0;1;0;0.0;2.0;4.0;1.0;B01
201500031626;0;1;0;0.0;2.0;3.0;5.0;A01
201500031630;0;1;0;0.0;2.0;5.0;1.0;B01
201500031646;0;1;0;0.0;2.0;5.0;1.0;B01
201500031704;0;1;0;0.0;0.0;0.0;0.0;B01
201500031784;0;1;0;0.0;2.0;8.0;15.0;A01
201500031785;0;1;0;0.0;0.0;0.0;0.0;B01
201500031792;0;1;0;0.0;2.0;1.0;15.0;B01
201500031799;0;1;0;0.0;2.0;1.0;0.0;B01
201500031821;0;1;0;0.0;0.0;0.0;0.0;B01
201500031850;0;1;0;1.0;0.0;1.0;1.0;B01
201500031851;0;1;0;0.0;2.0;0.0;19.0;A01
201500031856;0;1;0;0.0;2.0;3.0;15.0;A01
201500031859;0;1;0;0.0;0.0;0.0;0.0;A01
201500031860;0;1;0;0.0;2.0;1.0;17.0;A01
201500031868;0;1;0;0.0;2.0;0.0;1.0;B01
201500031872;0;1;0;0.0;1.0;0.0;0.0;A01
201500031876;0;1;0;0.0;0.0;0.0;0.0;B01
201500031881;0;1;0;0.0;0.0;0.0;0.0;B01
201500031882;0;1;0;0.0;2.0;1.0;1.0;B01
201500031903;0;1;0;0.0;2.0;1.0;15.0;A01
201500031913;0;1;0;0.0;2.0;7.0;1.0;B01
201500031914;0;1;0;0.0;2.0;1.0;21.0;B01
201500031916;0;1;0;0.0;2.0;1.0;1.0;B01
201500031964;0;1;0;0.0;0.0;6.0;1.0;B01
201500031971;0;1;0;0.0;0.0;4.0;1.0;A01
201500031975;0;1;0;0.0;2.0;1.0;1.0;B01
201500031988;0;1;0;0.0;2.0;8.0;19.0;B01
201500032011;0;1;0;0.0;2.0;8.0;1.0;B01
201500032024;0;1;0;0.0;2.0;8.0;0.0;B01
201500032077;0;1;0;0.0;2.0;1.0;1.0;B02
201500032087;0;1;0;0.0;1.0;1.0;17.0;A01
201500032091;0;1;0;0.0;2.0;6.0;15.0;A01
201500032112;0;1;0;0.0;2.0;7.0;1.0;A01
201500032127;0;1;0;0.0;2.0;0.0;19.0;A01
201500032128;0;1;0;0.0;2.0;7.0;19.0;A01
201500032130;0;1;0;0.0;2.0;8.0;19.0;B01
201500032132;0;1;0;0.0;2.0;1.0;1.0;B01
201500032134;0;1;0;0.0;2.0;1.0;1.0;A01
201500032135;0;1;0;0.0;2.0;7.0;0.0;A01
201500032136;0;1;0;0.0;2.0;1.0;1.0;B01
201500032138;0;1;0;0.0;2.0;1.0;1.0;A01
201500032139;0;1;0;0.0;2.0;7.0;19.0;B01
201500032151;0;1;0;0.0;2.0;1.0;19.0;Y01
201500032154;0;1;0;0.0;2.0;1.0;1.0;B01
201500032157;0;1;0;0.0;2.0;3.0;15.0;B01
201500032172;0;1;0;0.0;2.0;4.0;19.0;B01
201500032173;0;1;0;0.0;2.0;0.0;1.0;A01
201500032173;0;1;0;0.0;2.0;1.0;9.0;B01
201500032182;0;1;0;0.0;2.0;1.0;0.0;B01
201500032190;0;1;0;0.0;2.0;1.0;1.0;A01
201500032191;0;1;0;0.0;2.0;3.0;1.0;A01
201500032200;0;1;0;0.0;2.0;1.0;1.0;B01
201500032205;0;1;0;0.0;2.0;8.0;19.0;A01
201500032212;0;1;0;0.0;2.0;1.0;1.0;B01
201500032214;0;1;0;0.0;2.0;3.0;1.0;B01
201500032220;0;1;0;0.0;4.0;8.0;1.0;A01
201500032222;0;1;0;0.0;2.0;6.0;1.0;A01
201500032223;0;1;0;0.0;2.0;8.0;19.0;B01
201500032224;0;1;0;0.0;2.0;8.0;1.0;B01
201500032226;0;1;0;0.0;2.0;6.0;1.0;B01
201500032231;0;1;0;0.0;2.0;7.0;15.0;B01
201500032232;0;1;0;0.0;2.0;8.0;19.0;B01
201500032236;0;1;0;0.0;2.0;0.0;1.0;B01
201500032237;0;1;0;0.0;0.0;0.0;0.0;C01
201500032240;0;1;0;0.0;2.0;1.0;1.0;B01
201500032244;0;1;0;0.0;2.0;7.0;19.0;A01
201500032245;0;1;0;0.0;2.0;7.0;1.0;B01
201500032248;0;1;0;0.0;2.0;1.0;1.0;A01
201500032251;0;1;0;0.0;2.0;8.0;1.0;B01
201500032261;0;1;0;0.0;2.0;3.0;1.0;B01
201500032265;0;1;0;0.0;2.0;2.0;1.0;A01
201500032270;0;1;0;0.0;2.0;1.0;19.0;A01
201500032271;0;1;0;0.0;2.0;1.0;19.0;A01
201500032274;0;1;0;0.0;2.0;1.0;19.0;A01
201500032277;0;1;0;0.0;2.0;7.0;19.0;B01
201500032278;0;1;0;0.0;2.0;2.0;19.0;A01
201500032279;0;1;0;0.0;2.0;1.0;2.0;A01
201500032285;0;1;0;0.0;2.0;7.0;19.0;B01
201500032287;0;1;0;0.0;2.0;1.0;19.0;B01
201500032292;0;1;0;0.0;2.0;8.0;19.0;A01
201500032295;0;1;0;0.0;2.0;7.0;19.0;B01
201500032296;0;1;0;0.0;2.0;3.0;21.0;B01
201500032297;0;1;0;0.0;1.0;1.0;1.0;A01
201500032300;0;1;0;0.0;2.0;7.0;0.0;B01
201500032301;0;1;0;0.0;2.0;7.0;1.0;B01
201500032304;0;1;0;0.0;2.0;1.0;19.0;B01
201500032306;0;1;0;0.0;2.0;1.0;0.0;B01
201500032308;0;1;0;0.0;2.0;1.0;1.0;B01
201500032312;0;1;0;0.0;2.0;1.0;1.0;B01
201500032320;0;1;0;0.0;2.0;5.0;1.0;B01
201500032321;0;1;0;0.0;2.0;1.0;1.0;A01
201500032323;0;1;0;0.0;2.0;1.0;1.0;A01
201500032325;0;1;0;0.0;2.0;1.0;0.0;B01
201500032327;0;1;0;0.0;2.0;1.0;19.0;B01
201500032330;0;1;0;0.0;2.0;1.0;19.0;A01
201500032334;2;1;0;0.0;1.0;1.0;1.0;Z01
201500032337;0;1;0;0.0;2.0;8.0;1.0;B01
201500032340;0;1;0;0.0;2.0;1.0;1.0;A01
201500032340;0;1;0;0.0;2.0;1.0;1.0;B01
201500032341;0;1;0;0.0;2.0;1.0;19.0;A01
201500032342;0;1;0;0.0;2.0;1.0;16.0;A01
201500032367;0;1;0;0.0;2.0;3.0;19.0;A01
201500032370;0;1;0;0.0;2.0;1.0;1.0;B01
201500032375;0;1;0;0.0;2.0;1.0;1.0;A01
201500032379;0;1;0;0.0;2.0;1.0;1.0;A01
201500032390;0;1;0;0.0;2.0;8.0;1.0;B01
201500032393;0;1;0;0.0;2.0;1.0;16.0;B01
201500032399;0;1;0;0.0;2.0;6.0;19.0;B01
201500032400;0;1;0;0.0;2.0;1.0;13.0;A01
201500032401;0;1;0;0.0;2.0;1.0;1.0;B01
201500032401;0;1;0;0.0;2.0;1.0;1.0;A01
201500032408;0;1;0;0.0;2.0;1.0;19.0;A01
201500032415;0;1;0;0.0;2.0;8.0;1.0;B01
201500032417;0;1;0;0.0;2.0;4.0;2.0;B01
201500032418;0;1;0;0.0;2.0;1.0;16.0;A01
201500032419;0;1;0;0.0;2.0;2.0;1.0;B01
201500032419;0;1;0;1.0;2.0;8.0;21.0;A01
201500032420;0;1;0;0.0;2.0;1.0;1.0;B01
201500032421;0;1;0;0.0;2.0;0.0;0.0;A01
201500032429;0;1;0;0.0;2.0;1.0;1.0;B01
201500032434;0;1;0;0.0;2.0;1.0;1.0;B01
201500032438;0;1;0;0.0;2.0;1.0;13.0;A01
201500032438;0;1;0;0.0;2.0;1.0;1.0;B01
201500032451;0;1;0;0.0;2.0;4.0;19.0;B01
201500032467;0;1;0;0.0;2.0;7.0;1.0;B01
201500032477;0;1;0;0.0;2.0;8.0;1.0;B01
201500032480;0;1;0;0.0;0.0;0.0;0.0;B01
201500032482;0;1;0;0.0;2.0;8.0;19.0;B01
201500032484;0;1;0;0.0;2.0;1.0;19.0;B01
201500032492;0;1;0;0.0;2.0;7.0;19.0;A03
201500032492;0;1;0;0.0;0.0;7.0;19.0;A02
201500032523;0;1;0;0.0;2.0;3.0;19.0;B01
201500032532;0;1;0;0.0;2.0;1.0;5.0;B01
201500032539;0;1;0;1.0;0.0;1.0;1.0;B01
201500032544;0;1;0;0.0;2.0;1.0;19.0;A01
201500032546;0;1;0;0.0;9.0;1.0;0.0;A01
201500032546;0;1;0;0.0;9.0;0.0;0.0;B01
201500032548;0;1;0;1.0;0.0;1.0;1.0;B01
201500032550;0;1;0;0.0;2.0;0.0;0.0;B01
201500032551;0;1;0;0.0;2.0;1.0;15.0;B01
201500032558;0;1;0;0.0;2.0;0.0;0.0;B01
201500032558;0;1;0;0.0;2.0;1.0;0.0;C01
201500032559;0;1;0;0.0;2.0;0.0;0.0;B01
201500032562;0;1;0;0.0;2.0;0.0;19.0;A01
201500032566;0;1;0;0.0;2.0;3.0;1.0;P01
201500032568;0;1;0;0.0;2.0;8.0;19.0;B01
201500032575;0;1;0;0.0;2.0;8.0;1.0;B01
201500032579;0;1;0;0.0;2.0;7.0;19.0;B01
201500032624;0;1;0;0.0;0.0;0.0;0.0;B01
201500032631;0;1;0;0.0;0.0;0.0;1.0;A01
201500032634;0;1;0;0.0;1.0;1.0;1.0;A01
201500032646;0;1;0;0.0;2.0;6.0;2.0;B01
201500032660;0;1;0;0.0;2.0;0.0;2.0;B01
201500032668;0;1;0;0.0;2.0;7.0;19.0;B01
201500032682;0;1;0;0.0;2.0;7.0;1.0;B01
201500032702;0;1;0;0.0;2.0;1.0;19.0;B01
201500032708;0;1;0;0.0;2.0;1.0;1.0;A01
201500032728;0;1;0;0.0;2.0;5.0;2.0;B01
201500032742;0;1;0;0.0;2.0;1.0;0.0;B01
201500032773;0;1;0;0.0;2.0;2.0;15.0;B01
201500032781;0;1;0;0.0;2.0;8.0;0.0;B01
201500032786;0;1;0;0.0;2.0;8.0;1.0;B01
201500032795;0;1;0;0.0;2.0;0.0;2.0;B01
201500032802;0;1;0;0.0;2.0;4.0;1.0;B01
201500032831;0;1;0;0.0;1.0;1.0;1.0;A01
201500032842;0;1;0;0.0;0.0;0.0;0.0;B01
201500032849;0;1;0;0.0;2.0;1.0;1.0;B01
201500032865;0;1;0;0.0;2.0;1.0;1.0;B01
201500032877;0;1;0;0.0;2.0;1.0;19.0;A01
201500032879;1;1;0;0.0;1.0;0.0;0.0;Z01
201500032880;0;1;0;0.0;2.0;3.0;5.0;A01
201500032881;0;1;0;12.0;2.0;8.0;18.0;A01
201500032883;0;1;0;0.0;2.0;1.0;1.0;B01
201500032884;0;1;0;0.0;0.0;0.0;0.0;B01
201500032895;0;1;0;0.0;2.0;4.0;15.0;B01
201500032908;0;1;0;1.0;2.0;1.0;11.0;B01
201500032916;0;1;0;0.0;0.0;0.0;0.0;B01
201500032930;0;1;0;0.0;2.0;7.0;1.0;B01
201500032956;0;1;0;0.0;9.0;3.0;1.0;A01
201500032962;0;1;0;1.0;0.0;1.0;1.0;B01
201500032964;0;1;0;0.0;2.0;1.0;1.0;B01
201500032967;0;1;0;0.0;2.0;1.0;16.0;B01
201500032971;0;1;0;0.0;2.0;0.0;0.0;B01
201500032974;0;1;0;0.0;2.0;3.0;2.0;B01
201500032983;0;1;0;0.0;2.0;1.0;1.0;B01
201500032993;0;1;0;1.0;0.0;1.0;1.0;B01
201500033002;0;1;0;0.0;2.0;3.0;1.0;A01
201500033015;0;1;0;0.0;2.0;5.0;0.0;B01
201500033016;0;1;0;1.0;0.0;1.0;14.0;A01
201500033017;0;1;0;0.0;2.0;2.0;15.0;B01
201500033019;0;1;0;0.0;2.0;2.0;1.0;B01
201500033022;0;1;0;0.0;2.0;7.0;1.0;B01
201500033029;0;1;0;0.0;1.0;1.0;0.0;A01
201500033031;0;1;0;1.0;2.0;1.0;1.0;B01
201500033045;0;1;0;0.0;2.0;1.0;1.0;A01
201500033057;0;1;0;1.0;0.0;1.0;1.0;A01
201500033058;0;1;0;0.0;0.0;7.0;1.0;B01
201500033108;0;1;0;0.0;2.0;8.0;16.0;B01
201500033114;0;1;0;0.0;2.0;8.0;1.0;B01
201500033127;0;1;0;0.0;0.0;0.0;0.0;B01
201500033137;0;1;0;0.0;2.0;8.0;1.0;B01
201500033142;0;1;0;0.0;2.0;1.0;1.0;B01
201500033152;0;1;0;15.0;2.0;1.0;1.0;B01
201500033153;0;1;0;0.0;2.0;7.0;19.0;B01
201500033159;0;1;0;0.0;2.0;0.0;1.0;B01
201500033160;0;1;0;0.0;2.0;2.0;1.0;B01
201500033171;0;1;0;0.0;2.0;1.0;1.0;B01
201500033172;0;1;0;0.0;0.0;0.0;0.0;B01
201500033173;0;1;0;0.0;2.0;1.0;1.0;B01
201500033177;0;1;0;0.0;2.0;8.0;2.0;A01
201500033183;0;1;0;0.0;2.0;3.0;9.0;B01
201500033186;0;1;0;0.0;2.0;1.0;2.0;B01
201500033187;0;1;0;0.0;2.0;8.0;0.0;B01
201500033209;0;1;0;0.0;2.0;2.0;2.0;B01
201500033221;0;1;0;0.0;2.0;7.0;15.0;B01
201500033233;0;1;0;0.0;2.0;2.0;0.0;B01
201500033244;0;1;0;0.0;0.0;0.0;1.0;B01
201500033252;0;1;0;0.0;2.0;3.0;1.0;B01
201500033255;0;1;0;0.0;2.0;1.0;1.0;B01
201500033296;0;1;0;1.0;0.0;1.0;1.0;A01
201500033325;0;1;0;0.0;2.0;8.0;15.0;B01
201500033334;0;1;0;0.0;2.0;7.0;2.0;B01
201500033342;0;1;0;16.0;0.0;7.0;1.0;A01
201500033345;0;1;0;0.0;2.0;1.0;1.0;A01
201500033366;0;1;0;0.0;2.0;1.0;16.0;B01
201500033374;0;1;0;0.0;2.0;1.0;0.0;A01
201500033376;0;1;0;0.0;0.0;0.0;0.0;A01
201500033377;0;1;0;0.0;2.0;7.0;18.0;A01
201500033379;0;1;0;0.0;1.0;1.0;1.0;A01
201500033385;0;1;0;0.0;0.0;0.0;1.0;A01
201500033387;0;1;0;0.0;1.0;1.0;1.0;A01
201500033416;0;1;0;0.0;2.0;1.0;1.0;A01
201500033419;0;1;0;0.0;0.0;0.0;0.0;A01
201500033421;0;1;0;0.0;0.0;1.0;0.0;A01
201500033430;0;1;0;0.0;2.0;1.0;1.0;A01
201500033436;0;1;0;0.0;0.0;0.0;1.0;A01
201500033456;0;1;0;0.0;0.0;0.0;0.0;A01
201500033458;0;1;0;0.0;2.0;0.0;0.0;B01
201500033461;0;1;0;0.0;2.0;1.0;1.0;B01
201500033464;0;1;0;0.0;2.0;1.0;1.0;A01
201500033473;0;1;0;1.0;0.0;1.0;1.0;B01
201500033476;0;1;0;0.0;2.0;4.0;1.0;B01
201500033494;0;1;0;0.0;2.0;7.0;1.0;A01
201500033505;0;1;0;1.0;0.0;1.0;1.0;A01
201500033540;0;1;0;0.0;2.0;7.0;1.0;B01
201500033541;0;1;0;0.0;2.0;1.0;1.0;B01
201500033558;0;1;0;0.0;0.0;0.0;1.0;A01
201500033585;0;1;0;0.0;2.0;1.0;1.0;B01
201500033588;0;1;0;0.0;2.0;1.0;5.0;B01
201500033601;0;1;0;0.0;2.0;4.0;2.0;B01
201500033604;0;1;0;0.0;2.0;5.0;19.0;B01
201500033637;0;1;0;0.0;2.0;8.0;1.0;B01
201500033643;0;1;0;0.0;2.0;8.0;15.0;A01
201500033653;0;1;0;0.0;2.0;7.0;1.0;B01
201500033660;0;1;0;0.0;2.0;8.0;16.0;B01
201500033668;0;1;0;0.0;0.0;0.0;0.0;B01
201500033673;0;1;0;0.0;2.0;4.0;1.0;A01
201500033679;0;1;0;0.0;2.0;4.0;1.0;B01
201500033680;0;1;0;0.0;2.0;0.0;0.0;A01
201500033686;0;1;0;0.0;2.0;1.0;1.0;B01
201500033698;0;1;0;0.0;2.0;8.0;19.0;B01
201500033705;0;1;0;0.0;2.0;1.0;9.0;B01
201500033770;0;1;0;0.0;0.0;0.0;0.0;B01
201500033796;0;1;0;0.0;2.0;4.0;2.0;B01
201500033809;0;1;0;0.0;2.0;1.0;2.0;B01
201500033811;0;1;0;0.0;2.0;1.0;21.0;A01
201500033826;0;1;0;0.0;2.0;0.0;0.0;B01
201500033839;0;1;0;0.0;2.0;0.0;1.0;B01
201500033850;0;1;0;0.0;0.0;7.0;13.0;B01
201500033854;0;1;0;0.0;1.0;0.0;0.0;A01
201500033857;0;1;0;0.0;0.0;0.0;0.0;B01
201500033869;0;1;0;0.0;0.0;0.0;0.0;B01
201500033905;0;1;0;0.0;2.0;4.0;2.0;B01
201500033945;0;1;0;0.0;2.0;3.0;15.0;B01
201500033994;0;1;0;0.0;2.0;3.0;21.0;B01
201500034008;0;1;0;0.0;2.0;1.0;0.0;B01
201500034024;0;1;0;0.0;2.0;1.0;19.0;B01
201500034031;0;1;0;0.0;2.0;1.0;19.0;B01
201500034037;0;1;0;0.0;1.0;1.0;0.0;A01
201500034052;0;1;0;0.0;2.0;1.0;15.0;B01
201500034057;0;1;0;0.0;2.0;1.0;1.0;A01
201500034057;0;1;0;0.0;2.0;1.0;1.0;C01
201500034063;0;1;0;0.0;2.0;1.0;1.0;B01
201500034065;0;1;0;0.0;2.0;8.0;2.0;B01
201500034067;0;1;0;0.0;2.0;1.0;1.0;B01
201500034078;0;1;0;0.0;2.0;4.0;1.0;B01
201500034083;0;1;0;8.0;0.0;1.0;1.0;A01
201500034101;0;1;0;0.0;2.0;1.0;19.0;B01
201500034113;0;1;0;12.0;2.0;0.0;16.0;B01
201500034120;0;1;0;0.0;2.0;8.0;19.0;B01
201500034140;0;1;0;0.0;2.0;2.0;0.0;B01
201500034206;0;1;0;0.0;0.0;8.0;2.0;B01
201500034229;0;1;0;0.0;2.0;0.0;1.0;B01
201500034258;0;1;0;0.0;2.0;4.0;1.0;B01
201500034263;0;1;0;0.0;2.0;3.0;0.0;B01
201500034283;0;1;0;0.0;0.0;0.0;0.0;B01
201500034342;0;1;0;0.0;9.0;1.0;15.0;B01
201500034373;0;1;0;0.0;2.0;1.0;0.0;B01
201500034382;0;1;0;0.0;2.0;1.0;2.0;A01
201500034415;0;1;0;0.0;2.0;4.0;2.0;B01
201500034432;0;1;0;0.0;0.0;0.0;0.0;B01
201500034439;0;1;0;0.0;2.0;0.0;0.0;B01
201500034488;0;1;0;0.0;2.0;0.0;19.0;B01
201500034510;0;1;0;0.0;2.0;1.0;1.0;B01
201500034512;0;1;0;0.0;2.0;1.0;5.0;B01
201500034522;0;1;0;0.0;2.0;0.0;0.0;B01
201500034533;0;1;0;0.0;1.0;1.0;1.0;A01
201500034539;0;1;0;0.0;2.0;1.0;2.0;B01
201500034558;0;1;0;0.0;2.0;4.0;2.0;B01
201500034568;0;1;0;0.0;0.0;0.0;0.0;B01
201500034575;0;1;0;0.0;1.0;0.0;1.0;A01
201500034581;0;1;0;0.0;0.0;0.0;0.0;B01
201500034604;0;1;0;0.0;2.0;1.0;1.0;A01
201500034617;0;1;0;0.0;0.0;0.0;0.0;A01
201500034652;0;1;0;0.0;1.0;1.0;1.0;A01
201500034658;0;1;0;0.0;2.0;1.0;5.0;A01
201500034676;0;1;0;0.0;2.0;1.0;19.0;B01
201500034682;0;1;0;0.0;2.0;1.0;1.0;B01
201500034692;0;1;0;0.0;2.0;1.0;1.0;B01
201500034697;0;1;0;0.0;2.0;1.0;1.0;B01
201500034700;0;1;0;0.0;2.0;1.0;1.0;B01
201500034711;0;1;0;0.0;1.0;1.0;17.0;A01
201500034739;0;1;0;0.0;2.0;1.0;1.0;B01
201500034745;0;1;0;0.0;2.0;1.0;1.0;A01
201500034755;0;1;0;0.0;2.0;7.0;19.0;B01
201500034766;0;1;0;0.0;2.0;8.0;0.0;B01
201500034768;0;1;0;0.0;2.0;6.0;1.0;B01
201500034772;0;1;0;0.0;1.0;1.0;1.0;A01
201500034786;0;1;0;0.0;2.0;1.0;1.0;B01
201500034797;0;1;0;0.0;2.0;4.0;1.0;A01
201500034802;0;1;0;0.0;2.0;1.0;1.0;B01
201500034805;0;1;0;0.0;2.0;7.0;19.0;B01
201500034831;0;1;0;0.0;2.0;1.0;5.0;A01
201500034842;0;1;0;0.0;2.0;1.0;5.0;B01
201500034846;0;1;0;0.0;2.0;3.0;1.0;A01
201500034856;0;1;0;0.0;2.0;1.0;21.0;B01
201500034858;0;1;0;1.0;0.0;1.0;21.0;B01
201500034877;0;1;0;0.0;2.0;1.0;1.0;B01
201500034896;0;1;0;0.0;2.0;5.0;2.0;B01
201500034908;0;1;0;0.0;2.0;1.0;1.0;B01
201500034916;0;1;0;11.0;2.0;8.0;1.0;B01
201500034917;0;1;0;0.0;2.0;1.0;1.0;B01
201500034933;0;1;0;0.0;2.0;1.0;1.0;B01
201500034937;0;1;0;0.0;0.0;0.0;0.0;B01
201500034957;0;1;0;0.0;0.0;4.0;1.0;B01
201500034958;0;1;0;0.0;2.0;1.0;1.0;B01
201500035007;0;1;0;0.0;2.0;8.0;19.0;A01
201500035010;0;1;0;0.0;2.0;1.0;9.0;B01
201500035019;0;1;0;0.0;2.0;8.0;1.0;B01
201500035028;0;1;0;0.0;2.0;3.0;19.0;B01
201500035036;0;1;0;5.0;0.0;2.0;1.0;A01
201500035041;0;1;0;0.0;0.0;0.0;0.0;B01
201500035053;0;1;0;0.0;2.0;7.0;19.0;A01
201500035075;0;1;0;0.0;2.0;8.0;1.0;B01
201500035077;0;1;0;0.0;2.0;4.0;2.0;B01
201500035084;0;1;0;0.0;0.0;4.0;1.0;B01
201500035088;0;1;0;0.0;2.0;4.0;1.0;B01
201500035091;0;1;0;0.0;9.0;0.0;2.0;B01
201500035101;0;1;0;0.0;2.0;1.0;19.0;A01
201500035102;0;1;0;0.0;2.0;0.0;0.0;B01
201500035107;0;1;0;0.0;2.0;8.0;1.0;A01
201500035114;0;1;0;0.0;2.0;4.0;0.0;B01
201500035120;0;1;0;0.0;0.0;0.0;0.0;B01
201500035136;0;1;0;0.0;2.0;1.0;2.0;A01
201500035180;0;1;0;;2.0;3.0;19.0;A01
201500035183;0;1;0;0.0;2.0;1.0;1.0;B01
201500035198;0;1;0;0.0;2.0;8.0;13.0;B01
201500035220;0;1;0;0.0;1.0;1.0;1.0;A01
201500035230;0;1;0;0.0;2.0;0.0;2.0;A01
201500035237;0;1;0;1.0;0.0;1.0;1.0;B01
201500035251;0;1;0;0.0;0.0;0.0;0.0;A01
201500035255;0;1;0;1.0;0.0;1.0;2.0;B01
201500035279;0;1;0;0.0;2.0;7.0;19.0;A01
201500035284;0;1;0;0.0;2.0;1.0;1.0;B01
201500035308;0;1;0;0.0;1.0;0.0;0.0;A01
201500035317;0;1;0;0.0;2.0;8.0;1.0;B01
201500035325;0;1;0;0.0;0.0;0.0;0.0;B01
201500035342;0;1;0;0.0;2.0;0.0;1.0;B01
201500035366;0;1;0;0.0;1.0;1.0;13.0;A01
201500035373;0;1;0;0.0;2.0;1.0;21.0;B01
201500035396;0;1;0;0.0;2.0;1.0;1.0;B01
201500035442;0;1;0;0.0;2.0;7.0;19.0;B01
201500035461;0;1;0;0.0;2.0;8.0;19.0;B01
201500035467;0;1;0;0.0;2.0;1.0;1.0;B01
201500035486;0;1;0;0.0;2.0;0.0;0.0;A01
201500035491;0;1;0;0.0;2.0;1.0;0.0;B01
201500035523;0;1;0;0.0;0.0;0.0;0.0;B01
201500035544;0;1;0;0.0;2.0;3.0;9.0;B01
201500035550;0;1;0;0.0;0.0;4.0;11.0;B01
201500035553;0;1;0;0.0;2.0;4.0;1.0;B01
201500035554;0;1;0;1.0;0.0;1.0;1.0;B01
201500035562;0;1;0;0.0;2.0;0.0;1.0;B01
201500035567;0;1;0;0.0;0.0;0.0;0.0;B01
201500035568;0;1;0;0.0;2.0;2.0;1.0;B01
201500035570;0;1;0;0.0;2.0;8.0;19.0;B01
201500035580;0;1;0;0.0;2.0;8.0;9.0;A01
201500035585;0;1;0;0.0;2.0;1.0;1.0;A01
201500035596;0;1;0;0.0;2.0;1.0;1.0;B01
201500035599;1;1;0;0.0;1.0;0.0;0.0;Z01
201500035607;0;1;0;0.0;2.0;0.0;0.0;B01
201500035608;0;1;0;0.0;0.0;0.0;2.0;A01
201500035609;0;1;0;0.0;2.0;2.0;19.0;A01
201500035631;0;1;0;0.0;2.0;4.0;1.0;B01
201500035641;0;1;0;0.0;1.0;3.0;1.0;A01
201500035667;0;1;0;0.0;2.0;1.0;1.0;B01
201500035673;0;1;0;0.0;2.0;1.0;1.0;A01