Num_Acc;senc;catv;occutc;obs;obsm;choc;manv;num_veh
201500035675;0;1;0;0.0;2.0;1.0;1.0;B01
201500035679;0;1;0;0.0;5.0;1.0;1.0;A01
201500035683;0;1;0;0.0;2.0;1.0;1.0;B01
201500035707;0;1;0;0.0;2.0;1.0;23.0;B01
201500035764;0;1;0;0.0;2.0;1.0;1.0;B01
201500035793;0;1;0;0.0;2.0;1.0;1.0;B01
201500035810;0;1;0;0.0;2.0;8.0;1.0;B01
201500035827;0;1;0;0.0;2.0;1.0;1.0;B01
201500035832;0;1;0;0.0;2.0;8.0;19.0;A01
201500035858;0;1;0;0.0;2.0;6.0;1.0;B01
201500035877;0;1;0;0.0;2.0;8.0;1.0;B01
201500035968;0;1;0;0.0;2.0;5.0;0.0;B01
201500035973;0;1;0;0.0;2.0;1.0;2.0;A01
201500035976;0;1;0;0.0;0.0;0.0;1.0;A01
201500035980;0;1;0;0.0;2.0;7.0;17.0;A01
201500036026;0;1;0;0.0;2.0;1.0;1.0;B01
201500036042;0;1;0;0.0;2.0;1.0;1.0;B01
201500036064;0;1;0;0.0;2.0;1.0;1.0;B01
201500036136;0;1;0;0.0;2.0;1.0;1.0;B01
201500036151;0;1;0;0.0;0.0;8.0;1.0;A01
201500036159;0;1;0;0.0;2.0;3.0;1.0;B01
201500036165;0;1;0;0.0;2.0;0.0;19.0;B01
201500036199;0;1;0;0.0;2.0;1.0;1.0;B01
201500036213;0;1;0;0.0;2.0;4.0;1.0;A01
201500036215;0;1;0;0.0;2.0;5.0;;A02
201500036223;2;1;0;0.0;2.0;8.0;1.0;B01
201500036229;0;1;0;0.0;2.0;3.0;15.0;B01
201500036240;0;1;0;0.0;2.0;0.0;1.0;B01
201500036264;0;1;0;0.0;2.0;4.0;0.0;B01
201500036276;0;1;0;0.0;2.0;1.0;1.0;A01
201500036281;0;1;0;0.0;2.0;2.0;1.0;B01
201500036285;0;1;0;0.0;2.0;1.0;1.0;B01
201500036295;0;1;0;1.0;0.0;1.0;1.0;B01
201500036299;0;1;0;0.0;2.0;2.0;0.0;B01
201500036308;0;1;0;0.0;0.0;0.0;0.0;B01
201500036319;0;1;0;0.0;0.0;0.0;0.0;B01
201500036325;0;1;0;0.0;0.0;0.0;0.0;B01
201500036330;0;1;0;0.0;2.0;1.0;0.0;B01
201500036346;0;1;0;0.0;2.0;1.0;0.0;Y01
201500036357;0;1;0;0.0;2.0;1.0;0.0;A01
201500036358;0;1;0;1.0;0.0;0.0;21.0;B01
201500036360;0;1;0;0.0;2.0;1.0;5.0;B01
201500036366;0;1;0;0.0;2.0;4.0;0.0;B01
201500036382;0;1;0;2.0;0.0;3.0;0.0;A01
201500036382;0;1;0;0.0;0.0;0.0;0.0;B01
201500036386;0;1;0;0.0;2.0;1.0;5.0;A01
201500036388;0;1;0;0.0;0.0;0.0;0.0;B01
201500036395;0;1;0;0.0;0.0;0.0;0.0;B01
201500036403;0;1;0;0.0;0.0;1.0;1.0;B01
201500036406;0;1;0;0.0;2.0;0.0;0.0;B01
201500036410;0;1;0;0.0;0.0;7.0;1.0;B01
201500036426;0;1;0;0.0;2.0;1.0;1.0;A01
201500036482;0;1;0;0.0;2.0;7.0;1.0;Y01
201500036485;0;1;0;0.0;2.0;1.0;19.0;A01
201500036487;0;1;0;0.0;2.0;9.0;19.0;B01
201500036493;0;1;0;0.0;2.0;9.0;19.0;A01
201500036498;0;1;0;0.0;2.0;1.0;1.0;A01
201500036499;0;1;0;0.0;2.0;1.0;1.0;A01
201500036500;0;1;0;16.0;0.0;1.0;1.0;A01
201500036525;2;1;0;0.0;1.0;1.0;5.0;A01
201500036528;0;1;0;0.0;2.0;1.0;1.0;A01
201500036543;0;1;0;0.0;0.0;0.0;0.0;A01
201500036561;0;1;0;0.0;2.0;8.0;1.0;A01
201500036567;0;1;0;0.0;0.0;0.0;0.0;A01
201500036585;0;1;0;0.0;2.0;0.0;0.0;B01
201500036601;0;1;0;0.0;2.0;1.0;9.0;B01
201500036616;0;1;0;0.0;2.0;1.0;0.0;A01
201500036641;0;1;0;0.0;2.0;8.0;1.0;B01
201500036643;0;1;0;0.0;2.0;1.0;1.0;A01
201500036663;0;1;0;0.0;2.0;7.0;0.0;B01
201500036695;0;1;0;0.0;2.0;5.0;1.0;A01
201500036728;0;1;0;0.0;2.0;1.0;1.0;B01
201500036736;0;1;0;0.0;2.0;1.0;1.0;B01
201500036767;0;1;0;0.0;0.0;0.0;0.0;A01
201500036807;0;1;0;0.0;2.0;1.0;5.0;A01
201500036811;0;1;0;0.0;2.0;8.0;1.0;B01
201500036869;0;1;0;0.0;2.0;1.0;1.0;A01
201500036893;0;1;0;0.0;2.0;4.0;1.0;A01
201500036894;0;1;0;0.0;2.0;1.0;0.0;B01
201500036908;0;1;0;0.0;2.0;3.0;2.0;B01
201500036916;0;1;0;0.0;2.0;1.0;0.0;A01
201500036950;0;1;0;0.0;2.0;1.0;0.0;B01
201500036983;0;1;0;0.0;2.0;8.0;19.0;A01
201500036997;0;1;0;0.0;2.0;1.0;0.0;B01
201500037034;0;1;0;0.0;2.0;1.0;1.0;B01
201500037039;0;1;0;0.0;2.0;1.0;2.0;B01
201500037043;0;1;0;0.0;1.0;1.0;1.0;A01
201500037044;0;1;0;0.0;2.0;2.0;1.0;B01
201500037103;0;1;0;0.0;1.0;1.0;1.0;A01
201500037104;0;1;0;0.0;2.0;7.0;15.0;A01
201500037107;0;1;0;0.0;2.0;1.0;0.0;A01
201500037111;0;1;0;0.0;2.0;7.0;1.0;B01
201500037125;0;1;0;1.0;1.0;0.0;0.0;A01
201500037133;0;1;0;0.0;2.0;2.0;1.0;B01
201500037135;0;1;0;0.0;2.0;1.0;1.0;A01
201500037136;0;1;0;0.0;2.0;8.0;1.0;C01
201500037150;0;1;0;0.0;2.0;1.0;9.0;B01
201500037157;0;1;0;0.0;0.0;0.0;5.0;A01
201500037171;0;1;0;0.0;2.0;4.0;13.0;B01
201500037176;0;1;0;0.0;2.0;1.0;2.0;B01
201500037194;0;1;0;0.0;2.0;1.0;0.0;B01
201500037194;0;1;0;0.0;2.0;1.0;0.0;A01
201500037223;0;1;0;1.0;0.0;1.0;1.0;B01
201500037224;0;1;0;0.0;0.0;0.0;1.0;B01
201500037229;0;1;0;1.0;2.0;1.0;1.0;B01
201500037239;0;1;0;14.0;0.0;5.0;15.0;B01
201500037250;0;1;0;0.0;2.0;7.0;1.0;B01
201500037266;0;1;0;0.0;2.0;1.0;1.0;B01
201500037269;0;1;0;0.0;2.0;7.0;1.0;B01
201500037293;0;1;0;1.0;0.0;1.0;1.0;B01
201500037296;0;1;0;0.0;2.0;4.0;15.0;B01
201500037309;0;1;0;0.0;2.0;8.0;15.0;B01
201500037312;0;1;0;0.0;2.0;8.0;1.0;B01
201500037328;0;1;0;1.0;0.0;2.0;1.0;A01
201500037340;0;1;0;0.0;2.0;1.0;1.0;A01
201500037349;0;1;0;0.0;2.0;1.0;2.0;A01
201500037350;0;1;0;0.0;2.0;1.0;1.0;A01
201500037357;0;1;0;1.0;0.0;7.0;1.0;B01
201500037367;0;1;0;1.0;0.0;1.0;1.0;B01
201500037380;0;1;0;0.0;2.0;8.0;19.0;B01
201500037381;0;1;0;0.0;2.0;1.0;2.0;A01
201500037386;0;1;0;0.0;2.0;1.0;1.0;B01
201500037387;0;1;0;0.0;2.0;1.0;2.0;A01
201500037392;0;1;0;0.0;2.0;8.0;18.0;B01
201500037415;0;1;0;12.0;0.0;1.0;15.0;A01
201500037427;0;1;0;0.0;2.0;8.0;2.0;B01
201500037446;0;1;0;0.0;2.0;1.0;1.0;B01
201500037467;0;1;0;0.0;2.0;8.0;1.0;B01
201500037483;0;1;0;1.0;0.0;1.0;1.0;B01
201500037523;0;1;0;0.0;2.0;1.0;1.0;B01
201500037528;0;1;0;0.0;2.0;4.0;13.0;B01
201500037552;0;1;0;0.0;2.0;1.0;1.0;A01
201500037566;0;1;0;0.0;2.0;4.0;1.0;B01
201500037600;0;1;0;0.0;2.0;1.0;1.0;A01
201500037608;0;1;0;1.0;0.0;1.0;1.0;B01
201500037609;0;1;0;1.0;0.0;1.0;1.0;B01
201500037633;0;1;0;1.0;0.0;1.0;17.0;B01
201500037661;0;1;0;0.0;2.0;1.0;1.0;B01
201500037662;0;1;0;0.0;2.0;7.0;1.0;B01
201500037675;0;1;0;0.0;2.0;1.0;1.0;B01
201500037680;0;1;0;0.0;2.0;1.0;1.0;B01
201500037697;0;1;0;0.0;2.0;0.0;16.0;B01
201500037703;0;1;0;0.0;2.0;8.0;0.0;A01
201500037709;0;1;0;0.0;2.0;1.0;1.0;B01
201500037722;0;1;0;0.0;2.0;1.0;1.0;B01
201500037724;0;1;0;0.0;1.0;1.0;1.0;A01
201500037728;0;1;0;0.0;1.0;1.0;1.0;A01
201500037742;0;1;0;0.0;2.0;1.0;17.0;A01
201500037745;0;1;0;0.0;2.0;0.0;19.0;B01
201500037754;0;1;0;0.0;2.0;1.0;2.0;A01
201500037807;0;1;0;0.0;0.0;0.0;2.0;A01
201500037819;0;1;0;0.0;2.0;1.0;1.0;B01
201500037846;0;1;0;0.0;2.0;1.0;1.0;B01
201500037855;0;1;0;0.0;2.0;1.0;1.0;B01
201500037872;0;1;0;0.0;9.0;0.0;1.0;A01
201500037933;0;1;0;0.0;0.0;7.0;17.0;B01
201500037937;0;1;0;0.0;0.0;6.0;1.0;B01
201500037942;0;1;0;0.0;0.0;8.0;23.0;C01
201500037944;1;1;0;0.0;2.0;1.0;5.0;A01
201500038019;0;1;0;0.0;2.0;0.0;0.0;B01
201500038029;0;1;0;0.0;2.0;1.0;1.0;B01
201500038068;0;1;0;0.0;2.0;5.0;0.0;B01
201500038076;0;1;0;0.0;0.0;0.0;1.0;B01
201500038078;0;1;0;0.0;2.0;8.0;1.0;B01
201500038080;0;1;0;0.0;2.0;1.0;1.0;B01
201500038089;1;1;0;0.0;0.0;0.0;0.0;A01
201500038120;0;1;0;0.0;2.0;0.0;0.0;B01
201500038130;0;1;0;0.0;2.0;1.0;15.0;B01
201500038136;0;1;0;0.0;2.0;3.0;19.0;B01
201500038137;0;1;0;0.0;2.0;7.0;15.0;B01
201500038146;0;1;0;0.0;2.0;1.0;1.0;A01
201500038163;0;1;0;0.0;2.0;1.0;1.0;B01
201500038167;0;1;0;0.0;1.0;1.0;21.0;A01
201500038171;0;1;0;0.0;2.0;1.0;21.0;B01
201500038175;0;1;0;0.0;2.0;8.0;2.0;B01
201500038181;0;1;0;0.0;2.0;1.0;2.0;A01
201500038208;0;1;0;0.0;0.0;7.0;19.0;B01
201500038250;0;1;0;0.0;2.0;3.0;18.0;B01
201500038255;0;1;0;0.0;0.0;0.0;1.0;A01
201500038262;0;1;0;0.0;2.0;1.0;1.0;B01
201500038297;0;1;0;0.0;2.0;0.0;21.0;B01
201500038319;0;1;0;0.0;2.0;7.0;3.0;A01
201500038347;0;1;0;0.0;2.0;3.0;19.0;B01
201500038351;0;1;0;12.0;0.0;2.0;14.0;A01
201500038354;0;1;0;0.0;2.0;8.0;1.0;B01
201500038365;0;1;0;0.0;2.0;3.0;1.0;B01
201500038373;0;1;0;0.0;2.0;0.0;0.0;B01
201500038406;0;1;0;0.0;2.0;0.0;1.0;B01
201500038416;0;1;0;0.0;2.0;1.0;1.0;A01
201500038431;0;1;0;0.0;2.0;0.0;1.0;B01
201500038436;0;1;0;0.0;2.0;4.0;1.0;B01
201500038452;0;1;0;0.0;2.0;1.0;1.0;B01
201500038458;0;1;0;0.0;0.0;0.0;1.0;A01
201500038472;0;1;0;0.0;2.0;0.0;0.0;B01
201500038476;0;1;0;0.0;2.0;4.0;1.0;B02
201500038484;0;1;0;0.0;2.0;1.0;1.0;B01
201500038490;0;1;0;0.0;2.0;1.0;1.0;B01
201500038491;0;1;0;0.0;2.0;4.0;1.0;B01
201500038492;0;1;0;0.0;1.0;1.0;1.0;A01
201500038496;0;1;0;0.0;2.0;1.0;1.0;C01
201500038518;0;1;0;0.0;0.0;0.0;1.0;A01
201500038526;0;1;0;0.0;2.0;1.0;1.0;A01
201500038549;0;1;0;0.0;2.0;1.0;0.0;A01
201500038556;0;1;0;0.0;1.0;1.0;5.0;A01
201500038558;0;1;0;0.0;2.0;1.0;1.0;A01
201500038559;0;1;0;0.0;2.0;0.0;0.0;A01
201500038564;0;1;0;0.0;0.0;0.0;0.0;A01
201500038583;0;1;0;0.0;2.0;2.0;1.0;B01
201500038595;0;1;0;0.0;2.0;1.0;5.0;B01
201500038606;0;1;0;0.0;2.0;7.0;1.0;A01
201500038608;0;1;0;0.0;2.0;1.0;1.0;B01
201500038619;0;1;0;0.0;2.0;1.0;1.0;B01
201500038623;0;1;0;0.0;2.0;0.0;1.0;B01
201500038629;0;1;0;0.0;0.0;0.0;1.0;A01
201500038653;0;1;0;0.0;2.0;7.0;1.0;B01
201500038682;0;1;0;1.0;0.0;0.0;1.0;B01
201500038686;0;1;0;0.0;1.0;0.0;1.0;A01
201500038703;0;1;0;0.0;2.0;1.0;19.0;B01
201500038704;0;1;0;0.0;1.0;0.0;0.0;A01
201500038727;0;1;0;1.0;0.0;0.0;21.0;B01
201500038728;0;1;0;0.0;2.0;8.0;1.0;B01
201500038732;0;1;0;0.0;0.0;0.0;1.0;A01
201500038733;0;1;0;0.0;2.0;1.0;5.0;A01
201500038739;0;1;0;0.0;0.0;0.0;19.0;A01
201500038750;0;1;0;0.0;2.0;1.0;1.0;A01
201500038808;0;1;0;0.0;2.0;1.0;2.0;A01
201500038811;0;1;0;0.0;2.0;1.0;1.0;A01
201500038812;0;1;0;0.0;2.0;8.0;2.0;B01
201500038818;0;1;0;0.0;2.0;1.0;1.0;B01
201500038884;0;1;0;0.0;2.0;8.0;1.0;B02
201500038950;0;1;0;0.0;2.0;1.0;1.0;B01
201500038955;0;1;0;1.0;0.0;2.0;1.0;B01
201500038962;0;1;0;0.0;2.0;2.0;12.0;A01
201500038979;0;1;0;0.0;1.0;1.0;1.0;A01
201500038996;0;1;0;0.0;0.0;0.0;2.0;A01
201500039008;0;1;0;0.0;2.0;8.0;2.0;B01
201500039013;0;1;0;1.0;0.0;1.0;0.0;A01
201500039061;0;1;0;0.0;2.0;1.0;1.0;B01
201500039082;0;1;0;0.0;2.0;9.0;1.0;B01
201500039102;0;1;0;0.0;2.0;4.0;1.0;B01
201500039103;0;1;0;0.0;2.0;8.0;15.0;B01
201500039114;0;1;0;0.0;2.0;1.0;19.0;A01
201500039126;0;1;0;0.0;0.0;8.0;0.0;A01
201500039141;0;1;0;0.0;2.0;1.0;1.0;A01
201500039150;0;1;0;0.0;0.0;0.0;1.0;A01
201500039152;0;1;0;0.0;2.0;4.0;1.0;A01
201500039158;0;1;0;0.0;2.0;1.0;1.0;B01
201500039167;0;1;0;0.0;2.0;1.0;1.0;B01
201500039172;0;1;0;0.0;0.0;0.0;1.0;B01
201500039227;0;1;0;0.0;2.0;1.0;1.0;B01
201500039228;0;1;0;0.0;0.0;8.0;15.0;A01
201500039241;0;1;0;0.0;2.0;1.0;1.0;A01
201500039260;0;1;0;0.0;2.0;4.0;1.0;B01
201500039273;0;1;0;0.0;0.0;0.0;1.0;A01
201500039327;0;1;0;0.0;2.0;1.0;17.0;B01
201500039332;0;1;0;0.0;1.0;1.0;1.0;A01
201500039333;0;1;0;0.0;2.0;1.0;1.0;B01
201500039355;0;1;0;0.0;2.0;1.0;17.0;B01
201500039356;0;1;0;0.0;0.0;0.0;1.0;B01
201500039378;0;1;0;0.0;1.0;1.0;2.0;A01
201500039384;0;1;0;0.0;0.0;0.0;15.0;B01
201500039392;0;1;0;0.0;2.0;8.0;2.0;B01
201500039402;0;1;0;0.0;2.0;4.0;2.0;B01
201500039404;0;1;0;0.0;2.0;4.0;0.0;B01
201500039422;0;1;0;0.0;0.0;3.0;0.0;B01
201500039427;0;1;0;1.0;0.0;7.0;3.0;B01
201500039432;0;1;0;0.0;2.0;0.0;19.0;B01
201500039438;0;1;0;0.0;2.0;1.0;1.0;B01
201500039454;0;1;0;0.0;0.0;0.0;1.0;B01
201500039467;0;1;0;0.0;0.0;4.0;1.0;B01
201500039474;0;1;0;0.0;2.0;8.0;1.0;B01
201500039483;0;1;0;1.0;0.0;1.0;14.0;A01
201500039486;0;1;0;0.0;2.0;1.0;21.0;A01
201500039496;0;1;0;0.0;2.0;8.0;19.0;B01
201500039504;0;1;0;0.0;1.0;1.0;16.0;A01
201500039536;0;1;0;0.0;1.0;0.0;1.0;A01
201500039558;0;1;0;0.0;2.0;1.0;1.0;A01
201500039639;0;1;0;0.0;2.0;1.0;1.0;B01
201500039642;0;1;0;0.0;2.0;8.0;1.0;A01
201500039645;0;1;0;0.0;2.0;8.0;15.0;B01
201500039675;0;1;0;0.0;2.0;7.0;5.0;A01
201500039690;0;1;0;0.0;2.0;7.0;1.0;B01
201500039702;1;1;0;0.0;1.0;8.0;1.0;Z01
201500039737;0;1;0;0.0;2.0;8.0;1.0;B01
201500039742;0;1;0;0.0;2.0;0.0;1.0;B01
201500039745;0;1;0;1.0;0.0;2.0;1.0;B01
201500039772;0;1;0;0.0;2.0;7.0;19.0;B01
201500039801;0;1;0;0.0;0.0;8.0;5.0;A01
201500039801;0;1;0;0.0;2.0;1.0;1.0;B01
201500039801;0;1;0;0.0;2.0;1.0;21.0;C01
201500039827;0;1;0;0.0;2.0;2.0;1.0;B01
201500039833;0;1;0;0.0;2.0;1.0;1.0;A01
201500039844;0;1;0;0.0;2.0;8.0;0.0;B01
201500039863;0;1;0;0.0;2.0;1.0;14.0;A01
201500039880;0;1;0;0.0;2.0;1.0;1.0;Y01
201500039888;0;1;0;0.0;2.0;1.0;14.0;B01
201500039937;0;1;0;0.0;2.0;0.0;2.0;B02
201500039993;0;1;0;0.0;1.0;7.0;21.0;B01
201500040027;0;1;0;0.0;2.0;4.0;9.0;B01
201500040091;0;1;0;0.0;0.0;5.0;0.0;A01
201500040116;0;1;0;0.0;2.0;8.0;19.0;A01
201500040146;0;1;0;0.0;2.0;1.0;1.0;B01
201500040151;0;1;0;0.0;0.0;0.0;0.0;A01
201500040155;0;1;0;0.0;0.0;4.0;2.0;B01
201500040182;0;1;0;0.0;9.0;7.0;9.0;A01
201500040193;0;1;0;0.0;2.0;3.0;13.0;B01
201500040205;1;1;0;0.0;0.0;0.0;19.0;B01
201500040230;0;1;0;0.0;2.0;1.0;1.0;B01
201500040297;0;1;0;0.0;2.0;1.0;9.0;B01
201500040303;0;1;0;0.0;2.0;7.0;0.0;B01
201500040325;0;1;0;0.0;2.0;4.0;12.0;A01
201500040358;0;1;0;0.0;2.0;1.0;18.0;B01
201500040365;0;1;0;0.0;2.0;3.0;1.0;B01
201500040381;0;1;0;0.0;0.0;0.0;0.0;B01
201500040383;0;1;0;0.0;2.0;1.0;5.0;B01
201500040399;0;1;0;0.0;2.0;3.0;1.0;A01
201500040410;0;1;0;0.0;2.0;1.0;0.0;A01
201500040415;0;1;0;0.0;0.0;0.0;0.0;B01
201500040424;0;1;0;0.0;9.0;1.0;1.0;B01
201500040427;0;1;0;0.0;2.0;8.0;1.0;B01
201500040433;0;1;0;0.0;1.0;1.0;1.0;A01
201500040440;0;1;0;0.0;2.0;7.0;1.0;B01
201500040447;0;1;0;1.0;0.0;1.0;17.0;A01
201500040493;0;1;0;0.0;2.0;1.0;1.0;B01
201500040615;0;1;0;0.0;2.0;1.0;1.0;B01
201500040630;0;1;0;1.0;9.0;2.0;2.0;B01
201500040636;0;1;0;0.0;0.0;3.0;0.0;B01
201500040677;0;1;0;0.0;0.0;1.0;1.0;B01
201500040732;0;1;0;0.0;2.0;0.0;0.0;B01
201500040744;0;1;0;0.0;2.0;3.0;11.0;B01
201500040760;0;1;0;0.0;2.0;1.0;2.0;B01
201500040765;0;1;0;0.0;2.0;1.0;0.0;B01
201500040772;0;1;0;0.0;2.0;0.0;0.0;B01
201500040778;0;1;0;0.0;2.0;7.0;3.0;B01
201500040787;0;1;0;0.0;2.0;3.0;5.0;Y01
201500040796;0;1;0;0.0;1.0;1.0;1.0;A01
201500040801;0;1;0;0.0;2.0;8.0;2.0;Y01
201500040812;0;1;0;0.0;1.0;1.0;9.0;A01
201500040841;0;1;0;0.0;2.0;8.0;19.0;B01
201500040847;0;1;0;0.0;2.0;1.0;1.0;B01
201500040852;0;1;0;0.0;2.0;9.0;2.0;V01
201500040872;0;1;0;0.0;2.0;1.0;1.0;B01
201500040876;0;1;0;1.0;0.0;1.0;1.0;A01
201500040937;0;1;0;0.0;0.0;8.0;19.0;B01
201500040968;0;1;0;1.0;0.0;1.0;1.0;B01
201500040973;0;1;0;0.0;2.0;1.0;5.0;A01
201500040999;0;1;0;1.0;0.0;4.0;13.0;B01
201500041003;0;1;0;0.0;2.0;2.0;15.0;A01
201500041018;0;1;0;0.0;2.0;0.0;0.0;A01
201500041020;0;1;0;0.0;2.0;8.0;19.0;B01
201500041029;0;1;0;0.0;2.0;8.0;0.0;B01
201500041059;0;1;0;0.0;2.0;7.0;1.0;B01
201500041104;0;1;0;0.0;1.0;1.0;21.0;A01
201500041120;0;1;0;0.0;2.0;1.0;1.0;B01
201500041124;0;1;0;0.0;2.0;1.0;1.0;B01
201500041138;0;1;0;0.0;0.0;0.0;0.0;B01
201500041180;0;1;0;0.0;0.0;8.0;0.0;B01
201500041193;0;1;0;0.0;0.0;1.0;0.0;B01
201500041203;0;1;0;0.0;2.0;1.0;1.0;A01
201500041218;0;1;0;0.0;2.0;8.0;19.0;B01
201500041240;0;1;0;0.0;2.0;1.0;1.0;B01
201500041244;0;1;0;0.0;0.0;0.0;1.0;B01
201500041270;0;1;0;0.0;0.0;6.0;1.0;B01
201500041314;0;1;0;0.0;2.0;3.0;1.0;B01
201500041333;0;1;0;0.0;2.0;2.0;2.0;B01
201500041344;0;1;0;0.0;2.0;8.0;2.0;B01
201500041395;0;1;0;0.0;0.0;0.0;0.0;B01
201500041405;0;1;0;0.0;0.0;0.0;0.0;B01
201500041419;0;1;0;0.0;1.0;1.0;0.0;B01
201500041423;0;1;0;0.0;0.0;8.0;2.0;B01
201500041476;0;1;0;0.0;2.0;3.0;0.0;B01
201500041479;0;1;0;1.0;0.0;1.0;21.0;B01
201500041492;0;1;0;0.0;2.0;2.0;3.0;B01
201500041505;0;1;0;0.0;0.0;1.0;0.0;B01
201500041534;0;1;0;0.0;0.0;4.0;2.0;B01
201500041554;0;1;0;0.0;0.0;1.0;19.0;A01
201500041561;0;1;0;0.0;2.0;1.0;0.0;A01
201500041582;0;1;0;1.0;0.0;0.0;0.0;B02
201500041608;0;1;0;0.0;2.0;3.0;9.0;B01
201500041631;0;1;0;0.0;2.0;1.0;2.0;B01
201500041654;0;1;0;0.0;2.0;4.0;10.0;B01
201500041659;0;1;0;0.0;0.0;4.0;1.0;B01
201500041665;0;1;0;0.0;0.0;4.0;1.0;B01
201500041686;0;1;0;0.0;2.0;2.0;0.0;B01
201500041716;0;1;0;0.0;0.0;0.0;0.0;B01
201500041725;0;1;0;0.0;2.0;7.0;19.0;Y01
201500041745;0;1;0;0.0;2.0;0.0;1.0;B01
201500041748;1;1;0;0.0;1.0;1.0;1.0;A01
201500041775;0;1;0;15.0;0.0;1.0;1.0;A01
201500041782;0;1;0;0.0;2.0;1.0;1.0;B01
201500041783;0;1;0;0.0;2.0;1.0;0.0;B01
201500041784;0;1;0;0.0;2.0;1.0;15.0;A01
201500041787;0;1;0;0.0;2.0;1.0;2.0;B01
201500041810;0;1;0;0.0;2.0;1.0;2.0;B01
201500041816;0;1;0;0.0;0.0;0.0;1.0;A01
201500041825;0;1;0;0.0;2.0;1.0;1.0;B01
201500041855;0;1;0;0.0;2.0;1.0;15.0;B01
201500041904;0;1;0;0.0;9.0;1.0;1.0;A01
201500041904;0;1;0;0.0;9.0;1.0;1.0;B01
201500041920;0;1;0;12.0;0.0;8.0;1.0;A01
201500041949;0;1;0;0.0;2.0;7.0;1.0;B01
201500041976;0;1;0;0.0;2.0;4.0;0.0;B01
201500042014;0;1;0;0.0;1.0;0.0;0.0;B01
201500042023;0;1;0;0.0;2.0;4.0;1.0;B01
201500042024;0;1;0;0.0;2.0;1.0;1.0;B01
201500042028;0;1;0;0.0;2.0;1.0;5.0;B01
201500042046;0;1;0;0.0;2.0;1.0;1.0;B01
201500042077;0;1;0;0.0;0.0;0.0;0.0;A01
201500042080;0;1;0;1.0;0.0;0.0;0.0;A01
201500042082;0;1;0;0.0;2.0;5.0;1.0;B01
201500042100;0;1;0;0.0;2.0;2.0;0.0;B01
201500042211;0;1;0;0.0;2.0;1.0;1.0;B01
201500042217;0;1;0;0.0;2.0;0.0;1.0;B01
201500042238;0;1;0;0.0;2.0;4.0;2.0;B01
201500042281;0;1;0;0.0;2.0;1.0;18.0;A01
201500042331;0;1;0;0.0;2.0;1.0;11.0;B01
201500042334;0;1;0;0.0;2.0;2.0;19.0;A01
201500042335;0;1;0;0.0;2.0;8.0;18.0;B01
201500042344;0;1;0;0.0;0.0;8.0;19.0;B01
201500042348;0;1;0;0.0;2.0;1.0;19.0;B01
201500042392;0;1;0;0.0;2.0;2.0;0.0;B01
201500042395;0;1;0;1.0;0.0;1.0;1.0;B01
201500042433;0;1;0;0.0;2.0;1.0;1.0;A01
201500042450;0;1;0;0.0;2.0;1.0;19.0;B01
201500042457;0;1;0;0.0;2.0;8.0;1.0;B01
201500042464;0;1;0;0.0;2.0;1.0;1.0;B01
201500042474;0;1;0;0.0;2.0;2.0;1.0;B01
201500042512;0;1;0;0.0;2.0;1.0;1.0;B01
201500042537;0;1;0;0.0;2.0;1.0;17.0;A01
201500042556;0;1;0;0.0;0.0;1.0;0.0;B01