Num_Acc;senc;catv;occutc;obs;obsm;choc;manv;num_veh
201500042557;0;1;0;0.0;2.0;1.0;2.0;A01
201500042561;0;1;0;0.0;2.0;1.0;21.0;B01
201500042563;0;1;0;0.0;2.0;4.0;16.0;B01
201500042564;0;1;0;0.0;2.0;9.0;17.0;B01
201500042566;0;1;0;0.0;2.0;8.0;0.0;A01
201500042610;0;1;0;0.0;2.0;1.0;1.0;A01
201500042638;0;1;0;0.0;0.0;8.0;0.0;B01
201500042641;0;1;0;1.0;0.0;1.0;1.0;B01
201500042686;0;1;0;0.0;2.0;1.0;0.0;B01
201500042719;0;1;0;0.0;2.0;3.0;0.0;B01
201500042755;0;1;0;0.0;0.0;4.0;15.0;B01
201500042758;0;1;0;0.0;2.0;0.0;2.0;A01
201500042764;0;1;0;0.0;2.0;1.0;5.0;A01
201500042798;0;1;0;0.0;0.0;2.0;19.0;B01
201500042803;0;1;0;0.0;2.0;8.0;13.0;B01
201500042871;0;1;0;0.0;2.0;3.0;1.0;Y01
201500042879;0;1;0;0.0;2.0;7.0;1.0;B01
201500042881;0;1;0;0.0;2.0;3.0;19.0;B02
201500042883;0;1;0;0.0;2.0;1.0;5.0;A01
201500042898;0;1;0;0.0;0.0;0.0;0.0;A01
201500042898;0;1;0;0.0;0.0;1.0;0.0;B01
201500042898;0;1;0;0.0;0.0;1.0;0.0;C01
201500042898;0;1;0;0.0;0.0;1.0;0.0;D01
201500042908;0;1;0;1.0;2.0;7.0;2.0;B01
201500042911;0;1;0;0.0;2.0;1.0;1.0;A01
201500042912;0;1;0;0.0;2.0;7.0;0.0;B01
201500042914;0;1;0;0.0;2.0;1.0;1.0;B01
201500042932;0;1;0;0.0;2.0;8.0;2.0;A01
201500042957;0;1;0;0.0;0.0;0.0;1.0;A01
201500042961;0;1;0;0.0;2.0;1.0;2.0;A01
201500042998;0;1;0;0.0;0.0;6.0;1.0;B01
201500043002;1;1;0;0.0;1.0;0.0;1.0;A01
201500043009;0;1;0;0.0;2.0;1.0;1.0;B01
201500043016;0;1;0;0.0;1.0;1.0;1.0;A01
201500043021;0;1;0;0.0;2.0;7.0;1.0;B01
201500043023;0;1;0;0.0;2.0;0.0;2.0;B01
201500043040;0;1;0;0.0;2.0;1.0;2.0;A01
201500043041;0;1;0;1.0;9.0;1.0;2.0;B01
201500043043;0;1;0;0.0;0.0;6.0;7.0;A01
201500043047;0;1;0;1.0;0.0;7.0;1.0;B01
201500043071;0;1;0;0.0;0.0;1.0;0.0;A01
201500043107;0;1;0;1.0;2.0;4.0;19.0;B01
201500043129;0;1;0;0.0;2.0;0.0;19.0;B01
201500043133;0;1;0;0.0;2.0;1.0;1.0;B01
201500043134;0;1;0;0.0;2.0;7.0;0.0;A01
201500043142;0;1;0;0.0;2.0;1.0;19.0;B01
201500043153;0;1;0;0.0;2.0;0.0;1.0;B01
201500043163;0;1;0;1.0;0.0;7.0;3.0;Z01
201500043179;0;1;0;0.0;2.0;4.0;15.0;B02
201500043183;0;1;0;0.0;0.0;0.0;0.0;B01
201500043185;0;1;0;0.0;2.0;1.0;16.0;A01
201500043185;0;1;0;0.0;2.0;1.0;15.0;B01
201500043189;0;1;0;0.0;0.0;3.0;18.0;A01
201500043201;0;1;0;0.0;1.0;1.0;1.0;A01
201500043207;0;1;0;0.0;2.0;4.0;2.0;B01
201500043255;0;1;0;0.0;2.0;1.0;5.0;Z01
201500043256;0;1;0;1.0;0.0;1.0;1.0;Z01
201500043259;0;1;0;0.0;0.0;1.0;1.0;B01
201500043266;0;1;0;0.0;2.0;1.0;5.0;A01
201500043279;0;1;0;0.0;0.0;4.0;17.0;B01
201500043303;0;1;0;0.0;2.0;1.0;1.0;B01
201500043304;0;1;0;0.0;2.0;8.0;1.0;B01
201500043317;0;1;0;0.0;2.0;0.0;0.0;B01
201500043330;0;1;0;0.0;2.0;1.0;1.0;B01
201500043333;0;1;0;0.0;1.0;0.0;16.0;A01
201500043337;0;1;0;0.0;2.0;0.0;1.0;B01
201500043340;0;1;0;0.0;2.0;0.0;0.0;B01
201500043341;0;1;0;0.0;2.0;7.0;1.0;A01
201500043346;0;1;0;0.0;2.0;1.0;0.0;A01
201500043348;0;1;0;0.0;2.0;1.0;1.0;A01
201500043353;0;1;0;0.0;0.0;0.0;1.0;A01
201500043377;0;1;0;1.0;0.0;1.0;1.0;B01
201500043397;0;1;0;0.0;2.0;0.0;0.0;B01
201500043472;0;1;0;0.0;0.0;0.0;0.0;A01
201500043493;0;1;0;0.0;2.0;3.0;1.0;B01
201500043500;0;1;0;0.0;2.0;3.0;2.0;B01
201500043513;0;1;0;0.0;2.0;1.0;1.0;A01
201500043521;0;1;0;0.0;0.0;1.0;0.0;B01
201500043545;0;1;0;8.0;0.0;0.0;1.0;A01
201500043550;0;1;0;0.0;2.0;1.0;0.0;B01
201500043557;0;1;0;0.0;2.0;8.0;0.0;B01
201500043579;0;1;0;0.0;2.0;6.0;19.0;B01
201500043585;0;1;0;0.0;2.0;1.0;1.0;B01
201500043587;0;1;0;1.0;0.0;0.0;0.0;B01
201500043588;0;1;0;0.0;2.0;8.0;2.0;B01
201500043591;0;1;0;0.0;0.0;0.0;0.0;B01
201500043598;0;1;0;0.0;2.0;3.0;19.0;B01
201500043599;0;1;0;1.0;0.0;1.0;0.0;B01
201500043603;0;1;0;0.0;2.0;6.0;2.0;B01
201500043604;0;1;0;0.0;2.0;1.0;1.0;B01
201500043610;0;1;0;0.0;1.0;2.0;2.0;A01
201500043632;0;1;0;0.0;2.0;1.0;2.0;A01
201500043637;0;1;0;0.0;2.0;0.0;0.0;B01
201500043642;0;1;0;0.0;2.0;1.0;1.0;B01
201500043652;0;1;0;0.0;0.0;6.0;2.0;B01
201500043654;0;1;0;0.0;2.0;4.0;2.0;B01
201500043701;0;1;0;1.0;2.0;1.0;1.0;A01
201500043727;0;1;0;0.0;2.0;1.0;17.0;B01
201500043810;0;1;0;6.0;0.0;3.0;13.0;A01
201500043811;0;1;0;0.0;2.0;1.0;16.0;B01
201500043818;0;1;0;14.0;0.0;9.0;1.0;A01
201500043830;0;1;0;0.0;2.0;2.0;19.0;B01
201500043841;0;1;0;0.0;2.0;8.0;1.0;B01
201500043870;0;1;0;0.0;2.0;3.0;1.0;A01
201500043914;0;1;0;8.0;2.0;4.0;2.0;A01
201500043950;0;1;0;0.0;2.0;9.0;2.0;B01
201500043953;0;1;0;0.0;2.0;4.0;9.0;B01
201500043954;0;1;0;0.0;2.0;1.0;1.0;B01
201500043965;0;1;0;0.0;2.0;1.0;1.0;A01
201500043970;0;1;0;0.0;2.0;7.0;19.0;B01
201500043973;0;1;0;12.0;0.0;9.0;1.0;A01
201500043974;0;1;0;0.0;2.0;7.0;19.0;B01
201500043975;0;1;0;0.0;2.0;2.0;1.0;A01
201500043978;0;1;0;0.0;2.0;4.0;2.0;B01
201500044019;0;1;0;0.0;2.0;3.0;1.0;B01
201500044041;0;1;0;0.0;2.0;4.0;2.0;B01
201500044054;0;1;0;0.0;1.0;1.0;1.0;A01
201500044058;0;1;0;0.0;2.0;4.0;2.0;B01
201500044064;0;1;0;0.0;2.0;1.0;1.0;B01
201500044067;0;1;0;0.0;2.0;1.0;15.0;B01
201500044076;0;1;0;0.0;2.0;1.0;1.0;A01
201500044082;0;1;0;0.0;2.0;3.0;1.0;B01
201500044086;0;1;0;0.0;2.0;7.0;15.0;B01
201500044088;0;1;0;0.0;2.0;1.0;1.0;A01
201500044095;0;1;0;0.0;2.0;7.0;5.0;B01
201500044103;0;1;0;0.0;2.0;1.0;1.0;B01
201500044111;0;1;0;0.0;2.0;7.0;1.0;B01
201500044117;0;1;0;0.0;2.0;7.0;9.0;B01
201500044125;0;1;0;1.0;0.0;3.0;1.0;B01
201500044126;0;1;0;0.0;2.0;7.0;2.0;B01
201500044134;0;1;0;0.0;2.0;1.0;1.0;B01
201500044137;0;1;0;0.0;2.0;7.0;15.0;B01
201500044138;0;1;0;0.0;2.0;4.0;2.0;A01
201500044139;0;1;0;0.0;2.0;1.0;16.0;B01
201500044140;0;1;0;0.0;2.0;2.0;1.0;B01
201500044142;0;1;0;0.0;2.0;7.0;1.0;B01
201500044145;0;1;0;1.0;0.0;1.0;1.0;A01
201500044194;0;1;0;0.0;2.0;1.0;1.0;B01
201500044195;0;1;0;0.0;2.0;7.0;17.0;B01
201500044210;0;1;0;0.0;2.0;2.0;1.0;A01
201500044312;0;1;0;16.0;0.0;1.0;13.0;A01
201500044339;0;1;0;0.0;1.0;1.0;1.0;A01
201500044363;0;1;0;0.0;2.0;3.0;17.0;A01
201500044371;0;1;0;0.0;2.0;1.0;1.0;B01
201500044384;0;1;0;0.0;2.0;8.0;1.0;B01
201500044433;1;1;0;0.0;1.0;0.0;0.0;Z01
201500044441;0;1;0;0.0;1.0;1.0;1.0;A01
201500045070;1;1;0;0.0;2.0;0.0;11.0;Z01
201500045167;0;1;0;0.0;0.0;0.0;0.0;B01
201500045167;0;1;0;0.0;0.0;0.0;0.0;C01
201500045186;0;1;0;5.0;0.0;8.0;14.0;A01
201500045967;1;1;0;0.0;0.0;0.0;0.0;Z01
201500045990;1;1;0;0.0;0.0;0.0;0.0;Z01
201500046100;0;1;0;0.0;0.0;4.0;2.0;B01
201500046249;1;1;0;0.0;0.0;0.0;0.0;Z01
201500046650;1;1;0;0.0;0.0;0.0;0.0;Z01
201500046758;0;1;0;0.0;2.0;3.0;15.0;A01
201500046835;1;1;0;0.0;0.0;0.0;0.0;Z01
201500046940;1;1;0;0.0;2.0;1.0;3.0;Z01
201500047658;0;1;0;0.0;2.0;3.0;19.0;A01
201500047715;0;1;0;0.0;2.0;1.0;18.0;A01
201500047759;0;1;0;0.0;2.0;1.0;17.0;B01
201500047804;0;1;0;0.0;2.0;0.0;0.0;B01
201500047809;0;1;0;0.0;2.0;3.0;2.0;B01
201500047810;0;1;0;0.0;2.0;1.0;1.0;B01
201500047816;0;1;0;0.0;9.0;1.0;15.0;A01
201500047816;0;1;0;0.0;9.0;2.0;1.0;B01
201500047828;0;1;0;0.0;2.0;1.0;1.0;B01
201500047845;0;1;0;0.0;2.0;1.0;1.0;A01
201500047872;0;1;0;1.0;2.0;7.0;1.0;B01
201500047887;0;1;0;0.0;1.0;0.0;1.0;A01
201500047896;0;1;0;1.0;0.0;1.0;21.0;A01
201500047897;0;1;0;0.0;2.0;7.0;1.0;B01
201500047902;0;1;0;0.0;0.0;0.0;0.0;A01
201500047904;0;1;0;0.0;2.0;0.0;0.0;B01
201500047909;0;1;0;0.0;1.0;1.0;0.0;A01
201500047912;0;1;0;0.0;2.0;1.0;5.0;B01
201500047915;0;1;0;0.0;2.0;1.0;1.0;A01
201500047921;0;1;0;1.0;0.0;0.0;0.0;B01
201500047925;0;1;0;0.0;1.0;0.0;5.0;A01
201500047927;0;1;0;0.0;0.0;0.0;0.0;B01
201500047928;0;1;0;0.0;2.0;0.0;0.0;B01
201500047948;0;1;0;0.0;2.0;3.0;0.0;B01
201500047952;0;1;0;0.0;2.0;1.0;1.0;A01
201500047953;0;1;0;0.0;2.0;0.0;0.0;B01
201500047954;0;1;0;0.0;2.0;2.0;19.0;B01
201500047958;1;1;0;0.0;1.0;1.0;1.0;A01
201500047968;0;1;0;0.0;2.0;0.0;0.0;A01
201500047970;0;1;0;0.0;2.0;0.0;0.0;B01
201500048004;0;1;0;0.0;0.0;0.0;0.0;A01
201500048011;0;1;0;0.0;2.0;3.0;13.0;A01
201500048017;0;1;0;0.0;2.0;7.0;2.0;B01
201500048032;0;1;0;0.0;2.0;2.0;2.0;A01
201500048042;0;1;0;0.0;1.0;1.0;1.0;A01
201500048053;0;1;0;0.0;0.0;0.0;0.0;A01
201500048056;0;1;0;0.0;2.0;0.0;2.0;B01
201500048059;0;1;0;0.0;1.0;1.0;2.0;A01
201500048062;0;1;0;0.0;2.0;7.0;1.0;B01
201500048066;0;1;0;0.0;2.0;7.0;1.0;B01
201500048067;0;1;0;0.0;2.0;1.0;3.0;B01
201500048075;0;1;0;0.0;2.0;1.0;2.0;B01
201500048078;0;1;0;1.0;0.0;2.0;14.0;A01
201500048087;0;1;0;0.0;1.0;1.0;21.0;A01
201500048106;0;1;0;0.0;2.0;0.0;0.0;B01
201500048109;0;1;0;1.0;0.0;1.0;13.0;A01
201500048113;0;1;0;0.0;2.0;1.0;2.0;B01
201500048145;0;1;0;0.0;4.0;8.0;13.0;A01
201500048163;0;1;0;0.0;2.0;7.0;19.0;B01
201500048172;0;1;0;0.0;1.0;1.0;1.0;A01
201500048180;0;1;0;0.0;1.0;1.0;0.0;A01
201500048185;0;1;0;0.0;2.0;1.0;1.0;B01
201500048200;0;1;0;0.0;2.0;1.0;2.0;B01
201500048206;0;1;0;0.0;2.0;1.0;1.0;B01
201500048212;0;1;0;0.0;1.0;1.0;1.0;A01
201500048222;0;1;0;0.0;2.0;2.0;2.0;B01
201500048226;0;1;0;0.0;2.0;8.0;19.0;A01
201500048234;0;1;0;0.0;2.0;1.0;2.0;A01
201500048238;0;1;0;0.0;1.0;1.0;1.0;A01
201500048418;0;1;0;1.0;0.0;3.0;18.0;B01
201500048421;0;1;0;0.0;2.0;1.0;15.0;A01
201500048426;0;1;0;0.0;2.0;0.0;2.0;B01
201500048427;0;1;0;0.0;2.0;8.0;7.0;A01
201500048428;0;1;0;0.0;2.0;3.0;1.0;A01
201500048431;0;1;0;0.0;0.0;4.0;0.0;B01
201500048439;0;1;0;0.0;2.0;7.0;1.0;B01
201500048449;0;1;0;0.0;1.0;1.0;1.0;A01
201500048452;0;1;0;0.0;2.0;1.0;1.0;B01
201500048454;0;1;0;0.0;2.0;0.0;1.0;B01
201500048456;0;1;0;0.0;2.0;1.0;1.0;B01
201500048458;0;1;0;0.0;2.0;6.0;1.0;A01
201500048472;0;1;0;0.0;0.0;0.0;16.0;B01
201500048476;0;1;0;0.0;2.0;1.0;1.0;A01
201500048487;0;1;0;1.0;0.0;5.0;1.0;B01
201500048492;0;1;0;0.0;2.0;7.0;17.0;B01
201500048498;0;1;0;0.0;2.0;4.0;11.0;B01
201500048505;0;1;0;0.0;2.0;8.0;1.0;B01
201500048524;0;1;0;0.0;0.0;0.0;0.0;B01
201500048526;0;1;0;0.0;1.0;1.0;1.0;A01
201500048528;0;1;0;0.0;2.0;1.0;19.0;B01
201500048531;0;1;0;0.0;2.0;2.0;0.0;B01
201500048532;0;1;0;11.0;2.0;7.0;17.0;A01
201500048539;0;1;0;1.0;2.0;1.0;2.0;B01
201500048540;0;1;0;0.0;2.0;4.0;11.0;B01
201500048541;0;1;0;0.0;2.0;1.0;1.0;B01
201500048546;0;1;0;0.0;2.0;0.0;0.0;A01
201500048557;0;1;0;0.0;2.0;1.0;1.0;B01
201500048563;0;1;0;0.0;2.0;1.0;5.0;B01
201500048568;0;1;0;0.0;2.0;2.0;19.0;A01
201500048571;0;1;0;0.0;2.0;1.0;1.0;B01
201500048574;0;1;0;0.0;1.0;1.0;1.0;A01
201500048578;0;1;0;0.0;0.0;0.0;0.0;A01
201500048579;0;1;0;0.0;2.0;7.0;19.0;A01
201500048581;0;1;0;0.0;2.0;1.0;2.0;B01
201500048587;0;1;0;0.0;2.0;0.0;1.0;A01
201500048590;0;1;0;0.0;2.0;1.0;2.0;B01
201500048593;0;1;0;0.0;2.0;7.0;19.0;A01
201500048612;0;1;0;0.0;2.0;1.0;2.0;A01
201500048627;0;1;0;0.0;2.0;8.0;19.0;A01
201500048629;0;1;0;0.0;9.0;0.0;0.0;A01
201500048630;0;1;0;0.0;2.0;7.0;2.0;B01
201500048636;0;1;0;0.0;2.0;0.0;0.0;A01
201500048640;0;1;0;0.0;2.0;1.0;1.0;B01
201500048649;0;1;0;0.0;2.0;1.0;1.0;B01
201500048650;0;1;0;0.0;0.0;5.0;2.0;B01
201500048651;0;1;0;0.0;2.0;2.0;1.0;B01
201500048652;0;1;0;0.0;2.0;3.0;1.0;B01
201500048654;0;1;0;1.0;0.0;1.0;0.0;B01
201500048656;0;1;0;0.0;2.0;5.0;19.0;B01
201500048659;0;1;0;0.0;1.0;0.0;0.0;A01
201500048662;0;1;0;0.0;2.0;1.0;0.0;B01
201500048671;0;1;0;0.0;2.0;8.0;19.0;B01
201500048672;0;1;0;0.0;2.0;8.0;11.0;B01
201500048677;0;1;0;0.0;2.0;1.0;1.0;B01
201500048678;0;1;0;0.0;2.0;7.0;5.0;A01
201500048688;0;1;0;0.0;2.0;1.0;1.0;A01
201500048688;0;1;0;0.0;2.0;1.0;1.0;B01
201500048691;0;1;0;0.0;2.0;0.0;0.0;A01
201500048698;0;1;0;0.0;2.0;7.0;19.0;A01
201500048701;0;1;0;0.0;2.0;7.0;0.0;B01
201500048703;0;1;0;0.0;2.0;2.0;1.0;B01
201500048704;0;1;0;0.0;2.0;8.0;0.0;B01
201500048705;0;1;0;0.0;2.0;1.0;1.0;B01
201500048711;0;1;0;0.0;2.0;0.0;0.0;A01
201500048714;0;1;0;0.0;0.0;7.0;1.0;B01
201500048714;1;1;0;0.0;0.0;3.0;1.0;Z01
201500048715;0;1;0;0.0;2.0;0.0;0.0;B01
201500048717;0;1;0;0.0;2.0;1.0;1.0;B01
201500048718;0;1;0;0.0;2.0;8.0;19.0;B01
201500048720;0;1;0;0.0;1.0;1.0;17.0;A01
201500048727;0;1;0;0.0;2.0;7.0;1.0;B01
201500048728;0;1;0;0.0;2.0;1.0;1.0;B01
201500048740;0;1;0;0.0;2.0;7.0;19.0;A01
201500048750;0;1;0;0.0;2.0;8.0;1.0;B01
201500048754;0;1;0;0.0;2.0;0.0;0.0;B01
201500048758;0;1;0;0.0;2.0;8.0;18.0;A01
201500048759;0;1;0;0.0;0.0;0.0;1.0;B01
201500048761;0;1;0;0.0;2.0;2.0;1.0;B01
201500048762;0;1;0;0.0;2.0;7.0;0.0;B01
201500048764;0;1;0;0.0;2.0;1.0;1.0;B01
201500048787;0;1;0;0.0;2.0;8.0;15.0;B01
201500048787;0;1;0;0.0;2.0;1.0;1.0;A01
201500048789;0;1;0;0.0;4.0;3.0;0.0;B01
201500048802;0;1;0;0.0;2.0;0.0;0.0;A01
201500048807;0;1;0;0.0;2.0;1.0;0.0;A01
201500048811;0;1;0;0.0;2.0;0.0;0.0;B01
201500048813;0;1;0;0.0;2.0;1.0;2.0;B01
201500048814;0;1;0;0.0;2.0;1.0;1.0;B01
201500048821;0;1;0;0.0;2.0;1.0;1.0;C01
201500048829;0;1;0;0.0;0.0;8.0;2.0;B01
201500048830;0;1;0;0.0;2.0;8.0;1.0;B01
201500048832;0;1;0;0.0;2.0;0.0;0.0;B01
201500048833;0;1;0;0.0;2.0;4.0;1.0;B01
201500048839;0;1;0;0.0;2.0;4.0;0.0;B01
201500048845;0;1;0;0.0;2.0;0.0;0.0;B01
201500048848;0;1;0;0.0;1.0;1.0;0.0;A01
201500048878;0;1;0;0.0;2.0;4.0;19.0;B01
201500048879;0;1;0;0.0;2.0;5.0;1.0;A01
201500048882;0;1;0;0.0;2.0;0.0;0.0;B01
201500048886;0;1;0;0.0;2.0;8.0;1.0;B01
201500048891;0;1;0;1.0;0.0;0.0;0.0;B01
201500048893;0;1;0;0.0;2.0;1.0;0.0;B01
201500048900;0;1;0;0.0;2.0;0.0;0.0;B01
201500048907;0;1;0;0.0;1.0;0.0;0.0;A01
201500048920;0;1;0;0.0;2.0;1.0;1.0;A01
201500048925;0;1;0;0.0;0.0;0.0;0.0;B01
201500048948;0;1;0;0.0;2.0;1.0;1.0;B01
201500048952;0;1;0;0.0;2.0;1.0;1.0;B01
201500048957;0;1;0;0.0;2.0;1.0;0.0;B01
201500048963;0;1;0;0.0;2.0;3.0;19.0;B01
201500048966;0;1;0;0.0;0.0;0.0;0.0;B01
201500048969;0;1;0;0.0;2.0;1.0;5.0;A01
201500048973;1;1;0;0.0;0.0;0.0;0.0;Z01
201500048980;0;1;0;0.0;2.0;3.0;19.0;A01
201500048984;0;1;0;0.0;2.0;2.0;2.0;B01
201500049187;0;1;0;0.0;0.0;0.0;0.0;B01
201500049187;0;1;0;0.0;9.0;1.0;1.0;A01
201500049262;0;1;0;0.0;2.0;1.0;5.0;B01
201500049270;0;1;0;0.0;2.0;1.0;1.0;B01
201500049408;0;1;0;0.0;2.0;7.0;1.0;B01
201500049434;0;1;0;0.0;2.0;7.0;1.0;A01
201500049437;0;1;0;0.0;1.0;4.0;2.0;A01
201500049443;0;1;0;0.0;2.0;7.0;1.0;A01
201500049460;0;1;0;0.0;2.0;1.0;5.0;A01
201500049842;0;1;0;1.0;0.0;7.0;1.0;B01
201500049940;0;1;0;0.0;2.0;8.0;1.0;B01
201500049941;0;1;0;0.0;2.0;3.0;1.0;B01
201500050165;0;1;0;0.0;0.0;0.0;0.0;B01
201500050414;0;1;0;0.0;2.0;0.0;3.0;B01
201500050487;0;1;0;0.0;2.0;7.0;18.0;B01
201500050509;0;1;0;0.0;2.0;2.0;1.0;B01
201500050510;0;1;0;0.0;2.0;3.0;13.0;B01
201500050518;0;1;0;0.0;2.0;8.0;7.0;B01
201500050519;0;1;0;0.0;2.0;8.0;18.0;B01
201500050532;0;1;0;0.0;0.0;0.0;1.0;A01
201500050535;0;1;0;12.0;0.0;1.0;1.0;A01
201500050539;0;1;0;0.0;2.0;0.0;19.0;A01
201500050540;0;1;0;0.0;2.0;3.0;15.0;B01
201500050541;0;1;0;0.0;2.0;1.0;1.0;B01
201500050542;0;1;0;0.0;1.0;1.0;7.0;A01
201500050552;0;1;0;0.0;1.0;0.0;1.0;A01
201500050553;0;1;0;0.0;2.0;4.0;19.0;A01
201500050554;0;1;0;0.0;2.0;0.0;1.0;B01
201500050554;0;1;0;0.0;2.0;0.0;17.0;A01
201500050556;0;1;0;0.0;2.0;1.0;1.0;A01
201500050558;0;1;0;0.0;2.0;1.0;7.0;B01
201500050562;0;1;0;0.0;2.0;3.0;19.0;B01
201500050565;0;1;0;0.0;2.0;1.0;1.0;B01
201500050593;0;1;0;0.0;2.0;8.0;13.0;B01
201500050594;0;1;0;0.0;2.0;1.0;15.0;A01
201500050598;0;1;0;0.0;2.0;4.0;7.0;B01
201500050609;0;1;0;0.0;2.0;4.0;17.0;B01
201500050618;0;1;0;0.0;1.0;1.0;1.0;A01
201500050641;0;1;0;0.0;1.0;0.0;1.0;A01
201500050643;0;1;0;0.0;2.0;7.0;1.0;B01
201500050646;0;1;0;0.0;1.0;1.0;18.0;A01
201500050648;0;1;0;1.0;1.0;1.0;5.0;A01
201500050652;0;1;0;0.0;2.0;2.0;15.0;B01
201500050657;0;1;0;0.0;1.0;1.0;5.0;A01
201500050658;0;1;0;0.0;1.0;0.0;5.0;A01
201500050659;0;1;0;0.0;0.0;0.0;1.0;A01
201500050662;0;1;0;0.0;0.0;0.0;21.0;A01
201500050664;0;1;0;0.0;1.0;1.0;5.0;A01
201500050666;0;1;0;0.0;2.0;5.0;14.0;B01
201500050673;0;1;0;0.0;0.0;1.0;1.0;A01
201500050680;0;1;0;0.0;2.0;8.0;15.0;B01
201500050681;0;1;0;0.0;2.0;0.0;7.0;A01
201500050688;0;1;0;0.0;1.0;1.0;5.0;A01
201500050689;0;1;0;0.0;2.0;4.0;1.0;B01
201500050695;0;1;0;0.0;1.0;1.0;1.0;A01
201500050698;0;1;0;0.0;1.0;1.0;1.0;A01
201500050704;0;1;0;0.0;2.0;3.0;1.0;A01
201500050718;0;1;0;0.0;1.0;2.0;16.0;A01
201500050728;0;1;0;1.0;0.0;7.0;13.0;A01
201500050729;0;1;0;0.0;2.0;5.0;1.0;B01
201500050738;0;1;0;0.0;0.0;0.0;1.0;A01
201500050740;0;1;0;0.0;0.0;0.0;7.0;A01
201500050753;2;1;0;0.0;1.0;1.0;1.0;Z01
201500050760;0;1;0;0.0;1.0;7.0;1.0;A01
201500050761;0;1;0;0.0;2.0;1.0;15.0;A01
201500050771;0;1;0;0.0;2.0;2.0;13.0;A01
201500050773;0;1;0;0.0;1.0;1.0;1.0;A01
201500050775;0;1;0;0.0;0.0;1.0;7.0;A01
201500050778;0;1;0;0.0;2.0;1.0;5.0;B01
201500050781;0;1;0;0.0;2.0;0.0;1.0;B01
201500050782;0;1;0;1.0;2.0;1.0;1.0;B01
201500050783;0;1;0;0.0;2.0;0.0;11.0;A01
201500050784;0;1;0;0.0;2.0;1.0;7.0;B01
201500050785;0;1;0;1.0;2.0;1.0;1.0;B01
201500050788;1;1;0;0.0;2.0;1.0;19.0;A01
201500050788;0;1;0;0.0;2.0;8.0;1.0;B01
201500050792;0;1;0;0.0;1.0;1.0;1.0;A01
201500050797;0;1;0;0.0;1.0;1.0;3.0;A01
201500050798;0;1;0;0.0;2.0;1.0;1.0;A01
201500050800;0;1;0;0.0;2.0;1.0;1.0;B01
201500050801;0;1;0;0.0;2.0;0.0;7.0;B01
201500050803;0;1;0;0.0;1.0;1.0;1.0;A01
201500050807;0;1;0;0.0;2.0;0.0;1.0;B01
201500050808;0;1;0;1.0;1.0;4.0;19.0;A01
201500050814;0;1;0;0.0;2.0;5.0;2.0;A01
201500050818;0;1;0;0.0;2.0;1.0;11.0;A01
201500050828;0;1;0;0.0;2.0;1.0;1.0;B01
201500050830;0;1;0;0.0;2.0;7.0;1.0;A01
201500050831;1;1;0;0.0;1.0;5.0;1.0;Z01
201500050834;0;1;0;0.0;2.0;4.0;2.0;B01
201500050835;0;1;0;0.0;2.0;0.0;13.0;A01
201500050838;0;1;0;0.0;2.0;1.0;1.0;B01
201500050854;0;1;0;0.0;2.0;3.0;18.0;B01
201500050857;0;1;0;0.0;2.0;0.0;3.0;A01
201500050866;0;1;0;9.0;2.0;1.0;1.0;B01
201500050872;0;1;0;0.0;2.0;7.0;1.0;A01