Num_Acc;senc;catv;occutc;obs;obsm;choc;manv;num_veh
201500050873;0;1;0;0.0;2.0;1.0;1.0;A01
201500050877;0;1;0;0.0;1.0;8.0;7.0;A01
201500050879;0;1;0;0.0;2.0;7.0;1.0;B01
201500050884;0;1;0;0.0;1.0;1.0;8.0;A01
201500050888;0;1;0;0.0;2.0;1.0;15.0;A01
201500050888;0;1;0;0.0;2.0;4.0;17.0;B01
201500050889;0;1;0;0.0;2.0;8.0;1.0;B01
201500050891;0;1;0;0.0;2.0;4.0;2.0;A01
201500050893;0;1;0;0.0;2.0;4.0;2.0;A01
201500050895;0;1;0;0.0;2.0;1.0;1.0;B01
201500050898;0;1;0;0.0;2.0;7.0;19.0;B01
201500050899;0;1;0;0.0;2.0;0.0;1.0;A01
201500050900;0;1;0;0.0;2.0;1.0;1.0;B01
201500050903;0;1;0;0.0;2.0;1.0;1.0;A01
201500050908;0;1;0;0.0;2.0;8.0;11.0;B01
201500050912;0;1;0;0.0;1.0;1.0;0.0;A01
201500050913;0;1;0;0.0;0.0;0.0;1.0;A01
201500050916;0;1;0;0.0;2.0;2.0;5.0;B01
201500050922;0;1;0;0.0;2.0;7.0;0.0;A01
201500050923;0;1;0;0.0;0.0;0.0;7.0;A01
201500050929;0;1;0;0.0;2.0;1.0;16.0;A01
201500050934;0;1;0;0.0;1.0;1.0;1.0;A01
201500050940;0;1;0;0.0;2.0;0.0;1.0;A01
201500050941;0;1;0;0.0;1.0;1.0;1.0;A01
201500050945;0;1;0;0.0;2.0;0.0;2.0;A01
201500050947;0;1;0;0.0;1.0;0.0;8.0;A01
201500050950;0;1;0;0.0;2.0;7.0;19.0;A01
201500050952;0;1;0;0.0;2.0;1.0;1.0;A01
201500050954;0;1;0;0.0;1.0;1.0;7.0;A01
201500050957;0;1;0;0.0;2.0;1.0;1.0;B01
201500050959;0;1;0;0.0;2.0;7.0;1.0;A01
201500050964;0;1;0;0.0;2.0;1.0;13.0;A01
201500050973;0;1;0;1.0;2.0;1.0;7.0;B01
201500050975;0;1;0;0.0;2.0;1.0;19.0;A01
201500050977;0;1;0;0.0;1.0;0.0;7.0;A01
201500050979;0;1;0;0.0;2.0;0.0;1.0;A01
201500050979;0;1;0;0.0;2.0;0.0;1.0;B01
201500050987;0;1;0;0.0;2.0;8.0;8.0;B01
201500050991;0;1;0;1.0;2.0;1.0;7.0;B01
201500050999;0;1;0;0.0;2.0;7.0;1.0;A01
201500051000;0;1;0;0.0;2.0;0.0;7.0;B01
201500051005;0;1;0;1.0;2.0;1.0;1.0;B01
201500051006;0;1;0;0.0;1.0;1.0;1.0;A01
201500051009;0;1;0;0.0;2.0;8.0;1.0;A01
201500051012;0;1;0;1.0;2.0;1.0;1.0;A01
201500051014;0;1;0;0.0;1.0;0.0;5.0;A01
201500051018;0;1;0;0.0;2.0;2.0;1.0;B01
201500051031;0;1;0;0.0;2.0;1.0;1.0;B01
201500051038;0;1;0;0.0;2.0;1.0;1.0;B01
201500051041;0;1;0;0.0;2.0;4.0;1.0;B01
201500051050;0;1;0;1.0;0.0;2.0;7.0;A01
201500051052;0;1;0;0.0;2.0;6.0;13.0;A01
201500051055;0;1;0;0.0;1.0;1.0;1.0;A01
201500051065;0;1;0;1.0;0.0;1.0;14.0;A01
201500051067;0;1;0;0.0;2.0;1.0;1.0;B01
201500051068;0;1;0;0.0;1.0;1.0;1.0;A01
201500051074;0;1;0;0.0;0.0;0.0;21.0;A01
201500051075;0;1;0;0.0;2.0;4.0;2.0;B01
201500051077;0;1;0;1.0;0.0;1.0;1.0;A01
201500051078;0;1;0;1.0;2.0;1.0;1.0;A01
201500051079;0;1;0;1.0;2.0;1.0;15.0;A01
201500051091;0;1;0;0.0;2.0;3.0;18.0;A01
201500051094;0;1;0;0.0;2.0;3.0;7.0;B01
201500051102;0;1;0;0.0;2.0;7.0;7.0;B01
201500051109;0;1;0;0.0;2.0;3.0;1.0;A01
201500051111;0;1;0;0.0;2.0;1.0;7.0;B01
201500051113;0;1;0;0.0;2.0;2.0;7.0;A01
201500051117;0;1;0;0.0;2.0;3.0;7.0;B01
201500051121;0;1;0;0.0;1.0;0.0;1.0;A01
201500051125;0;1;0;0.0;2.0;7.0;1.0;A01
201500051133;0;1;0;0.0;2.0;1.0;9.0;B01
201500051137;0;1;0;0.0;2.0;3.0;7.0;A01
201500051145;0;1;0;0.0;2.0;3.0;13.0;A01
201500051145;0;1;0;0.0;2.0;1.0;17.0;B01
201500051157;0;1;0;0.0;2.0;1.0;1.0;B01
201500051160;0;1;0;0.0;2.0;6.0;15.0;A01
201500051163;0;1;0;0.0;2.0;0.0;7.0;A01
201500051180;0;1;0;0.0;2.0;0.0;15.0;A01
201500051181;0;1;0;1.0;2.0;2.0;21.0;A01
201500051190;0;1;0;0.0;2.0;1.0;17.0;A01
201500051201;0;1;0;0.0;2.0;4.0;2.0;B01
201500051211;0;1;0;0.0;2.0;1.0;5.0;A01
201500051215;0;1;0;0.0;1.0;8.0;7.0;A01
201500051221;0;1;0;0.0;2.0;7.0;1.0;A01
201500051225;0;1;0;0.0;2.0;2.0;1.0;B01
201500051228;0;1;0;0.0;2.0;0.0;2.0;A01
201500051230;0;1;0;0.0;2.0;1.0;1.0;A01
201500051232;0;1;0;0.0;2.0;1.0;17.0;B01
201500051238;0;1;0;0.0;2.0;8.0;13.0;B01
201500051244;0;1;0;0.0;1.0;1.0;1.0;A01
201500051246;0;1;0;0.0;2.0;8.0;23.0;B01
201500051253;0;1;0;0.0;2.0;3.0;15.0;A01
201500051263;0;1;0;0.0;2.0;4.0;1.0;B01
201500051270;0;1;0;0.0;1.0;1.0;7.0;A01
201500051271;0;1;0;0.0;1.0;1.0;7.0;A01
201500051275;0;1;0;0.0;1.0;1.0;1.0;A01
201500051276;0;1;0;0.0;0.0;0.0;1.0;A01
201500051278;0;1;0;0.0;2.0;0.0;1.0;B01
201500051280;0;1;0;0.0;2.0;5.0;15.0;B01
201500051284;0;1;0;0.0;2.0;8.0;7.0;B01
201500051286;0;1;0;1.0;2.0;1.0;1.0;B01
201500051289;0;1;0;0.0;2.0;0.0;1.0;B01
201500051298;0;1;0;0.0;2.0;8.0;1.0;B01
201500051321;0;1;0;0.0;2.0;3.0;13.0;A01
201500051322;0;1;0;0.0;2.0;8.0;1.0;A01
201500051327;0;1;0;0.0;1.0;1.0;1.0;A01
201500051328;0;1;0;0.0;2.0;8.0;1.0;B01
201500051333;0;1;0;1.0;2.0;2.0;7.0;B01
201500051336;0;1;0;0.0;1.0;3.0;1.0;A01
201500051339;0;1;0;0.0;2.0;2.0;5.0;A01
201500051342;0;1;0;0.0;1.0;1.0;1.0;A01
201500051343;0;1;0;0.0;2.0;0.0;7.0;B01
201500051349;0;1;0;0.0;2.0;0.0;1.0;B01
201500051354;0;1;0;0.0;2.0;3.0;1.0;B01
201500051376;0;1;0;0.0;2.0;3.0;1.0;B01
201500051380;0;1;0;0.0;1.0;1.0;1.0;A01
201500051382;0;1;0;0.0;2.0;3.0;1.0;B01
201500051384;0;1;0;0.0;1.0;4.0;15.0;A01
201500051394;0;1;0;0.0;2.0;7.0;1.0;B01
201500051395;0;1;0;0.0;2.0;7.0;1.0;B01
201500051396;0;1;0;0.0;2.0;1.0;14.0;A01
201500051397;0;1;0;0.0;2.0;1.0;1.0;B01
201500051407;0;1;0;12.0;2.0;8.0;18.0;B01
201500051409;0;1;0;0.0;2.0;4.0;1.0;A01
201500051412;0;1;0;0.0;2.0;1.0;1.0;B01
201500051429;0;1;0;0.0;2.0;8.0;15.0;A01
201500051433;0;1;0;0.0;2.0;1.0;1.0;B01
201500051438;0;1;0;0.0;1.0;1.0;1.0;A01
201500051449;0;1;0;0.0;2.0;1.0;1.0;A01
201500051461;0;1;0;0.0;1.0;1.0;1.0;A01
201500051462;0;1;0;0.0;2.0;0.0;1.0;B01
201500051464;0;1;0;0.0;2.0;0.0;14.0;B01
201500051467;0;1;0;0.0;2.0;6.0;23.0;B01
201500051472;0;1;0;0.0;1.0;0.0;0.0;A01
201500051479;0;1;0;1.0;0.0;1.0;1.0;A01
201500051488;0;1;0;0.0;2.0;1.0;19.0;A01
201500051490;0;1;0;0.0;0.0;0.0;1.0;A01
201500051491;0;1;0;0.0;2.0;2.0;19.0;B01
201500051495;0;1;0;0.0;2.0;1.0;1.0;B01
201500051501;0;1;0;0.0;2.0;0.0;7.0;A01
201500051518;0;1;0;0.0;2.0;3.0;7.0;B01
201500051521;0;1;0;0.0;0.0;0.0;1.0;A01
201500051525;0;1;0;0.0;2.0;1.0;1.0;B01
201500051528;0;1;0;0.0;2.0;8.0;2.0;B01
201500051551;0;1;0;0.0;2.0;5.0;2.0;B01
201500051616;0;1;0;0.0;2.0;2.0;13.0;B01
201500051617;0;1;0;0.0;2.0;8.0;13.0;B01
201500051619;0;1;0;0.0;2.0;4.0;2.0;B01
201500051624;0;1;0;0.0;2.0;3.0;15.0;A01
201500051626;0;1;0;0.0;2.0;3.0;1.0;B01
201500051631;0;1;0;0.0;2.0;8.0;7.0;B01
201500051633;0;1;0;0.0;2.0;1.0;1.0;B01
201500051642;0;1;0;0.0;2.0;0.0;13.0;A01
201500051654;0;1;0;0.0;2.0;1.0;17.0;B01
201500051681;0;1;0;0.0;2.0;0.0;1.0;A01
201500051686;0;1;0;0.0;2.0;0.0;14.0;A01
201500051690;0;1;0;0.0;2.0;4.0;1.0;B01
201500051722;0;1;0;0.0;2.0;3.0;1.0;B01
201500051723;0;1;0;0.0;0.0;0.0;15.0;A01
201500051731;0;1;0;0.0;2.0;0.0;23.0;B01
201500051734;0;1;0;0.0;1.0;1.0;1.0;A01
201500051736;0;1;0;0.0;2.0;3.0;13.0;A01
201500051737;0;1;0;0.0;2.0;1.0;1.0;A01
201500051741;0;1;0;0.0;2.0;3.0;18.0;A01
201500051744;0;1;0;0.0;0.0;0.0;1.0;A01
201500051755;0;1;0;0.0;2.0;7.0;1.0;B01
201500051761;0;1;0;0.0;2.0;4.0;15.0;B01
201500051765;0;1;0;0.0;2.0;1.0;1.0;B01
201500051818;0;1;0;0.0;2.0;0.0;2.0;A01
201500051850;0;1;0;0.0;2.0;2.0;19.0;A01
201500051875;0;1;0;0.0;2.0;1.0;17.0;B01
201500051900;0;1;0;0.0;2.0;4.0;18.0;A01
201500051921;0;1;0;0.0;2.0;5.0;1.0;A01
201500051926;0;1;0;0.0;2.0;6.0;14.0;A01
201500051926;0;1;0;0.0;2.0;2.0;1.0;B01
201500051927;0;1;0;0.0;2.0;1.0;1.0;B01
201500051929;0;1;0;0.0;2.0;7.0;16.0;A01
201500051937;0;1;0;0.0;2.0;1.0;1.0;B01
201500051945;0;1;0;0.0;2.0;1.0;7.0;B01
201500051951;0;1;0;0.0;2.0;1.0;1.0;B01
201500051981;0;1;0;0.0;2.0;4.0;1.0;A01
201500051983;0;1;0;0.0;2.0;1.0;1.0;B01
201500051993;0;1;0;0.0;2.0;6.0;15.0;B01
201500052006;0;1;0;0.0;2.0;4.0;7.0;B01
201500052027;0;1;0;0.0;1.0;1.0;1.0;A01
201500052028;0;1;0;0.0;2.0;0.0;0.0;A01
201500052032;0;1;0;0.0;2.0;2.0;7.0;A01
201500052036;0;1;0;0.0;2.0;8.0;1.0;B01
201500052044;0;1;0;0.0;2.0;0.0;1.0;B01
201500052046;0;1;0;0.0;2.0;8.0;0.0;B01
201500052053;0;1;0;0.0;2.0;7.0;1.0;B01
201500052060;0;1;0;0.0;2.0;7.0;15.0;B01
201500052065;0;1;0;0.0;2.0;6.0;19.0;A01
201500052088;0;1;0;0.0;2.0;4.0;1.0;B01
201500052095;0;1;0;0.0;1.0;7.0;1.0;A01
201500052096;0;1;0;0.0;1.0;1.0;1.0;A01
201500052101;0;1;0;0.0;2.0;1.0;17.0;B01
201500052138;0;1;0;0.0;2.0;8.0;18.0;A01
201500052147;0;1;0;0.0;2.0;8.0;1.0;B01
201500052149;0;1;0;0.0;2.0;1.0;15.0;A01
201500052162;0;1;0;0.0;2.0;1.0;15.0;B01
201500052164;0;1;0;0.0;2.0;3.0;13.0;B01
201500052165;0;1;0;0.0;2.0;1.0;1.0;A01
201500052168;0;1;0;0.0;2.0;1.0;1.0;A01
201500052171;0;1;0;11.0;2.0;3.0;1.0;B01
201500052172;0;1;0;0.0;1.0;1.0;1.0;A01
201500052179;0;1;0;0.0;2.0;1.0;1.0;A01
201500052180;0;1;0;0.0;2.0;1.0;1.0;B01
201500052187;0;1;0;0.0;2.0;8.0;1.0;B01
201500052195;0;1;0;0.0;2.0;8.0;3.0;A01
201500052199;0;1;0;0.0;2.0;8.0;1.0;B01
201500052213;0;1;0;0.0;1.0;1.0;1.0;A01
201500052215;0;1;0;0.0;2.0;0.0;1.0;A01
201500052217;0;1;0;0.0;2.0;0.0;15.0;B01
201500052221;0;1;0;0.0;2.0;4.0;1.0;B01
201500052223;0;1;0;0.0;2.0;2.0;19.0;A01
201500052225;0;1;0;0.0;1.0;1.0;7.0;A01
201500052230;0;1;0;0.0;2.0;7.0;1.0;B01
201500052236;0;1;0;0.0;1.0;0.0;1.0;A01
201500052240;0;1;0;0.0;1.0;1.0;5.0;A01
201500052249;0;1;0;0.0;1.0;0.0;1.0;A01
201500052251;0;1;0;0.0;2.0;6.0;2.0;A01
201500052258;0;1;0;0.0;2.0;0.0;1.0;B01
201500052261;0;1;0;0.0;0.0;1.0;21.0;A01
201500052270;0;1;0;0.0;2.0;0.0;1.0;B01
201500052272;0;1;0;0.0;2.0;0.0;1.0;B01
201500052273;0;1;0;0.0;2.0;1.0;1.0;B01
201500052276;0;1;0;0.0;2.0;1.0;1.0;B01
201500052292;1;1;0;0.0;1.0;0.0;1.0;Z01
201500052308;0;1;0;0.0;2.0;8.0;1.0;A01
201500052313;0;1;0;0.0;2.0;1.0;1.0;B01
201500052315;0;1;0;0.0;2.0;4.0;23.0;B01
201500052325;0;1;0;8.0;2.0;4.0;1.0;B01
201500052329;1;1;0;0.0;1.0;1.0;5.0;Z01
201500052331;0;1;0;0.0;2.0;2.0;7.0;B01
201500052333;0;1;0;0.0;2.0;1.0;1.0;A01
201500052338;0;1;0;0.0;0.0;0.0;7.0;A01
201500052344;0;1;0;0.0;1.0;1.0;1.0;A01
201500052354;0;1;0;0.0;2.0;4.0;1.0;B01
201500052355;0;1;0;0.0;2.0;1.0;1.0;A01
201500052359;0;1;0;0.0;2.0;1.0;5.0;B01
201500052360;0;1;0;0.0;2.0;0.0;1.0;A01
201500052364;0;1;0;0.0;2.0;0.0;1.0;B01
201500052371;0;1;0;0.0;2.0;7.0;1.0;B01
201500052379;0;1;0;0.0;2.0;1.0;1.0;B01
201500052380;0;1;0;0.0;2.0;4.0;23.0;B01
201500052386;0;1;0;0.0;2.0;1.0;1.0;B01
201500052387;0;1;0;1.0;2.0;1.0;1.0;B01
201500052403;0;1;0;0.0;2.0;4.0;1.0;B01
201500052409;0;1;0;0.0;2.0;8.0;1.0;B01
201500052412;0;1;0;0.0;2.0;0.0;0.0;B01
201500052413;0;1;0;0.0;2.0;2.0;15.0;B01
201500052416;0;1;0;0.0;2.0;1.0;19.0;A01
201500052419;0;1;0;0.0;2.0;8.0;7.0;B01
201500052424;0;1;0;0.0;2.0;4.0;11.0;A01
201500052427;0;1;0;0.0;2.0;2.0;1.0;A01
201500052431;1;1;0;0.0;1.0;0.0;1.0;Z01
201500052432;0;1;0;1.0;2.0;2.0;1.0;B01
201500052434;0;1;0;0.0;2.0;7.0;1.0;A01
201500052435;0;1;0;0.0;2.0;8.0;15.0;B01
201500052439;0;1;0;0.0;2.0;0.0;23.0;B01
201500052443;0;1;0;0.0;2.0;8.0;1.0;A01
201500052445;0;1;0;0.0;2.0;1.0;1.0;B01
201500052448;0;1;0;0.0;1.0;8.0;1.0;A01
201500052449;0;1;0;1.0;2.0;1.0;1.0;B01
201500052452;0;1;0;0.0;2.0;3.0;19.0;B01
201500052456;0;1;0;0.0;2.0;1.0;17.0;B01
201500052460;0;1;0;0.0;2.0;8.0;18.0;B01
201500052463;0;1;0;0.0;1.0;0.0;1.0;A01
201500052472;0;1;0;0.0;2.0;3.0;13.0;B01
201500052474;0;1;0;0.0;2.0;7.0;19.0;B01
201500052485;0;1;0;0.0;2.0;7.0;1.0;A01
201500052488;0;1;0;0.0;2.0;1.0;15.0;B01
201500052498;0;1;0;0.0;2.0;4.0;1.0;B01
201500052502;0;1;0;0.0;2.0;8.0;1.0;B01
201500052505;0;1;0;0.0;2.0;1.0;18.0;A01
201500052522;0;1;0;0.0;2.0;1.0;2.0;A01
201500052525;0;1;0;0.0;2.0;2.0;17.0;A01
201500052525;0;1;0;0.0;2.0;3.0;1.0;B01
201500052528;0;1;0;0.0;2.0;0.0;1.0;B01
201500052535;0;1;0;0.0;2.0;7.0;1.0;A01
201500052537;0;1;0;0.0;2.0;4.0;1.0;A01
201500052538;0;1;0;12.0;2.0;3.0;1.0;B01
201500052541;0;1;0;0.0;2.0;3.0;13.0;B01
201500052543;0;1;0;0.0;2.0;1.0;1.0;B01
201500052546;0;1;0;0.0;2.0;0.0;1.0;B01
201500052554;0;1;0;0.0;2.0;1.0;23.0;B01
201500052554;0;1;0;0.0;1.0;1.0;1.0;A01
201500052555;0;1;0;0.0;1.0;1.0;1.0;A01
201500052563;0;1;0;0.0;2.0;1.0;1.0;A01
201500052565;0;1;0;0.0;2.0;7.0;1.0;B01
201500052567;0;1;0;0.0;2.0;1.0;1.0;A01
201500052572;0;1;0;0.0;1.0;1.0;1.0;A01
201500052577;0;1;0;0.0;1.0;7.0;1.0;A01
201500052586;0;1;0;1.0;2.0;2.0;1.0;B01
201500052587;0;1;0;0.0;2.0;2.0;15.0;A01
201500052589;0;1;0;0.0;1.0;2.0;1.0;A01
201500052593;0;1;0;0.0;0.0;0.0;21.0;A01
201500052598;0;1;0;0.0;2.0;3.0;1.0;A01
201500052615;0;1;0;0.0;1.0;8.0;5.0;A01
201500052620;0;1;0;0.0;2.0;0.0;2.0;B01
201500052634;0;1;0;0.0;2.0;1.0;1.0;A01
201500052643;0;1;0;0.0;2.0;1.0;7.0;B01
201500052649;0;1;0;0.0;2.0;8.0;1.0;A01
201500052655;0;1;0;0.0;2.0;8.0;1.0;A01
201500052672;0;1;0;0.0;1.0;1.0;1.0;A01
201500052674;0;1;0;0.0;1.0;1.0;1.0;A01
201500052676;0;1;0;0.0;2.0;8.0;1.0;B01
201500052682;0;1;0;0.0;2.0;1.0;1.0;A01
201500052687;0;1;0;0.0;0.0;0.0;1.0;A01
201500052689;0;1;0;0.0;2.0;8.0;7.0;B01
201500052699;0;1;0;0.0;2.0;8.0;1.0;B01
201500052710;0;1;0;0.0;2.0;1.0;1.0;B01
201500052716;0;1;0;0.0;2.0;3.0;2.0;A01
201500052722;0;1;0;0.0;2.0;6.0;11.0;A01
201500052734;0;1;0;0.0;2.0;3.0;16.0;A01
201500052739;0;1;0;0.0;2.0;1.0;1.0;A01
201500052740;0;1;0;0.0;2.0;1.0;13.0;A01
201500052741;0;1;0;0.0;2.0;1.0;1.0;B01
201500052744;0;1;0;0.0;2.0;1.0;9.0;A01
201500052744;0;1;0;0.0;2.0;1.0;1.0;B01
201500052747;0;1;0;0.0;1.0;1.0;1.0;A01
201500052764;0;1;0;0.0;2.0;1.0;1.0;B01
201500052767;0;1;0;8.0;0.0;1.0;1.0;A01
201500052768;0;1;0;0.0;1.0;1.0;1.0;A01
201500052777;0;1;0;0.0;0.0;0.0;1.0;A01
201500052778;0;1;0;0.0;2.0;8.0;19.0;B01
201500052780;0;1;0;0.0;2.0;1.0;1.0;B01
201500052781;0;1;0;0.0;1.0;0.0;1.0;A01
201500052782;0;1;0;0.0;2.0;2.0;19.0;A01
201500052801;0;1;0;0.0;2.0;1.0;1.0;B01
201500052810;0;1;0;0.0;2.0;2.0;1.0;B01
201500052825;0;1;0;0.0;2.0;8.0;13.0;B01
201500052832;0;1;0;0.0;2.0;3.0;12.0;B01
201500052839;0;1;0;0.0;2.0;6.0;19.0;B01
201500052850;0;1;0;0.0;2.0;1.0;1.0;B01
201500052851;0;1;0;0.0;2.0;0.0;1.0;B01
201500052859;0;1;0;0.0;2.0;7.0;17.0;A01
201500052859;0;1;0;0.0;2.0;8.0;1.0;B01
201500052860;0;1;0;0.0;2.0;8.0;19.0;A01
201500052861;0;1;0;0.0;2.0;8.0;19.0;A01
201500052863;0;1;0;0.0;1.0;1.0;1.0;A01
201500052869;0;1;0;0.0;2.0;4.0;23.0;B01
201500052891;0;1;0;0.0;2.0;8.0;1.0;B01
201500052892;0;1;0;0.0;2.0;7.0;9.0;B01
201500052896;0;1;0;0.0;2.0;8.0;18.0;B01
201500052899;0;1;0;0.0;2.0;3.0;15.0;B01
201500052940;0;1;0;1.0;2.0;7.0;1.0;B01
201500052954;0;1;0;0.0;2.0;0.0;2.0;A01
201500052956;0;1;0;0.0;2.0;8.0;18.0;A01
201500052971;0;1;0;0.0;2.0;1.0;9.0;B01
201500052973;0;1;0;0.0;2.0;1.0;13.0;A01
201500052982;0;1;0;0.0;1.0;1.0;1.0;A01
201500052985;0;1;0;0.0;2.0;1.0;1.0;A01
201500052998;0;1;0;0.0;2.0;1.0;23.0;B01
201500053010;0;1;0;0.0;2.0;1.0;1.0;B01
201500053030;0;1;0;0.0;2.0;7.0;17.0;B01
201500053054;0;1;0;0.0;2.0;1.0;2.0;A01
201500053056;0;1;0;0.0;2.0;1.0;13.0;A01
201500053068;0;1;0;0.0;2.0;8.0;19.0;B01
201500053069;0;1;0;0.0;2.0;1.0;1.0;A01
201500053071;0;1;0;0.0;2.0;4.0;1.0;B01
201500053080;0;1;0;0.0;2.0;8.0;1.0;B01
201500053085;0;1;0;0.0;2.0;8.0;16.0;B01
201500053086;0;1;0;0.0;2.0;1.0;1.0;B01
201500053091;0;1;0;0.0;2.0;8.0;1.0;A01
201500053093;0;1;0;0.0;2.0;1.0;7.0;A01
201500053110;0;1;0;0.0;2.0;1.0;2.0;A01
201500053117;0;1;0;0.0;1.0;1.0;17.0;A01
201500053120;0;1;0;0.0;2.0;1.0;2.0;A01
201500053122;0;1;0;0.0;2.0;5.0;1.0;B01
201500053126;0;1;0;0.0;1.0;1.0;1.0;A01
201500053131;0;1;0;0.0;2.0;1.0;9.0;B01
201500053132;0;1;0;1.0;2.0;0.0;1.0;B01
201500053145;0;1;0;1.0;2.0;2.0;1.0;B01
201500053152;0;1;0;0.0;2.0;2.0;1.0;B01
201500053153;0;1;0;0.0;1.0;1.0;1.0;A01
201500053157;0;1;0;0.0;2.0;0.0;1.0;B01
201500053165;0;1;0;0.0;2.0;4.0;13.0;B01
201500053167;0;1;0;0.0;2.0;3.0;18.0;A01
201500053171;0;1;0;0.0;2.0;4.0;2.0;A01
201500053186;0;1;0;0.0;2.0;1.0;1.0;B01
201500053189;0;1;0;0.0;2.0;0.0;1.0;B01
201500053190;0;1;0;0.0;2.0;5.0;1.0;A01
201500053195;0;1;0;0.0;2.0;8.0;1.0;B01
201500053196;0;1;0;0.0;2.0;0.0;1.0;B01
201500053198;0;1;0;12.0;0.0;1.0;14.0;A01
201500053211;0;1;0;0.0;2.0;8.0;13.0;B01
201500053224;0;1;0;0.0;2.0;0.0;1.0;B01
201500053226;0;1;0;0.0;2.0;3.0;1.0;A01
201500053239;0;1;0;0.0;1.0;1.0;17.0;A01
201500053248;0;1;0;0.0;2.0;2.0;13.0;A01
201500053249;0;1;0;0.0;2.0;1.0;1.0;A01
201500053255;0;1;0;0.0;2.0;0.0;23.0;A01
201500053264;0;1;0;0.0;1.0;1.0;1.0;A01
201500053274;0;1;0;0.0;0.0;0.0;1.0;A01
201500053275;0;1;0;0.0;2.0;1.0;1.0;B01
201500053275;0;1;0;0.0;2.0;1.0;13.0;A01
201500053279;0;1;0;0.0;2.0;1.0;1.0;B01
201500053282;0;1;0;0.0;2.0;1.0;1.0;B01
201500053290;0;1;0;0.0;1.0;1.0;1.0;A01
201500053293;0;1;0;0.0;1.0;0.0;21.0;A01
201500053294;0;1;0;0.0;1.0;0.0;1.0;A01
201500053314;0;1;0;0.0;2.0;1.0;1.0;B01
201500053317;0;1;0;0.0;2.0;5.0;1.0;A01
201500053332;0;1;0;0.0;0.0;1.0;21.0;A01
201500053337;0;1;0;0.0;2.0;0.0;13.0;A01
201500053338;0;1;0;0.0;2.0;1.0;7.0;A01
201500053340;0;1;0;0.0;2.0;0.0;7.0;A01
201500053344;0;1;0;0.0;2.0;4.0;1.0;B01
201500053352;0;1;0;0.0;2.0;0.0;13.0;A01
201500053362;0;1;0;1.0;2.0;1.0;1.0;B01
201500053373;0;1;0;0.0;9.0;1.0;14.0;A01
201500053382;0;1;0;0.0;2.0;1.0;1.0;B01
201500053384;0;1;0;0.0;1.0;1.0;1.0;A01
201500053406;0;1;0;1.0;2.0;1.0;1.0;B01
201500053407;0;1;0;0.0;0.0;0.0;5.0;A01
201500053423;0;1;0;0.0;2.0;0.0;13.0;A01
201500053446;0;1;0;0.0;2.0;1.0;1.0;B01
201500053473;0;1;0;0.0;2.0;1.0;15.0;A01
201500053487;0;1;0;0.0;2.0;0.0;1.0;B01
201500053496;0;1;0;0.0;1.0;1.0;5.0;A01
201500053500;0;1;0;0.0;0.0;0.0;21.0;A01
201500053510;0;1;0;0.0;2.0;1.0;1.0;A01
201500053512;0;1;0;0.0;2.0;7.0;1.0;B01
201500053516;0;1;0;0.0;2.0;4.0;7.0;B01
201500053525;0;1;0;0.0;2.0;1.0;1.0;A01
201500053527;0;1;0;0.0;2.0;1.0;1.0;B01
201500053544;0;1;0;0.0;2.0;3.0;7.0;A01
201500053548;0;1;0;0.0;2.0;1.0;7.0;B01