Num_Acc;senc;catv;occutc;obs;obsm;choc;manv;num_veh
201500053560;0;1;0;0.0;2.0;6.0;2.0;B01
201500053569;0;1;0;0.0;2.0;0.0;1.0;B01
201500053576;0;1;0;0.0;2.0;2.0;1.0;B01
201500053596;0;1;0;0.0;2.0;8.0;1.0;B01
201500053598;0;1;0;0.0;2.0;3.0;1.0;B01
201500053607;0;1;0;0.0;2.0;2.0;1.0;A01
201500053613;1;1;0;0.0;2.0;7.0;19.0;Z01
201500053629;0;1;0;0.0;2.0;7.0;1.0;B01
201500053633;0;1;0;0.0;1.0;1.0;5.0;A01
201500053646;0;1;0;0.0;2.0;8.0;1.0;B01
201500053654;0;1;0;0.0;2.0;1.0;1.0;B01
201500053678;0;1;0;0.0;2.0;2.0;1.0;B01
201500053683;0;1;0;0.0;1.0;1.0;1.0;A01
201500053693;0;1;0;0.0;2.0;7.0;1.0;A01
201500053695;0;1;0;0.0;2.0;2.0;1.0;A01
201500053696;0;1;0;0.0;0.0;0.0;1.0;A01
201500053705;0;1;0;0.0;2.0;1.0;1.0;A01
201500053718;0;1;0;0.0;1.0;1.0;1.0;A01
201500053721;0;1;0;0.0;0.0;0.0;1.0;A01
201500053722;0;1;0;15.0;0.0;1.0;1.0;A01
201500053735;0;1;0;0.0;1.0;1.0;1.0;A01
201500053737;0;1;0;0.0;2.0;4.0;1.0;B01
201500053751;0;1;0;1.0;2.0;0.0;1.0;B01
201500053760;0;1;0;1.0;2.0;1.0;1.0;A01
201500053777;0;1;0;0.0;2.0;1.0;1.0;B01
201500053789;0;1;0;0.0;0.0;1.0;1.0;A01
201500053798;0;1;0;0.0;2.0;6.0;15.0;B01
201500053810;0;1;0;0.0;2.0;6.0;13.0;B01
201500053814;0;1;0;0.0;2.0;1.0;1.0;A01
201500053817;0;1;0;12.0;0.0;1.0;14.0;A01
201500053834;0;1;0;0.0;2.0;2.0;0.0;A01
201500053854;0;1;0;0.0;1.0;1.0;17.0;A01
201500053855;0;1;0;0.0;1.0;1.0;17.0;A01
201500053860;0;1;0;0.0;1.0;1.0;1.0;A01
201500053870;0;1;0;0.0;2.0;3.0;13.0;B01
201500053885;0;1;0;0.0;2.0;0.0;2.0;B01
201500053889;0;1;0;0.0;2.0;1.0;7.0;A01
201500053900;0;1;0;0.0;2.0;5.0;2.0;A01
201500053906;0;1;0;0.0;2.0;3.0;1.0;A01
201500053916;0;1;0;0.0;2.0;4.0;15.0;B01
201500053922;0;1;0;11.0;0.0;1.0;1.0;A01
201500053949;1;1;0;0.0;1.0;0.0;15.0;Z01
201500053967;0;1;0;0.0;2.0;1.0;14.0;A01
201500053986;0;1;0;0.0;2.0;8.0;19.0;B01
201500054008;0;1;0;0.0;2.0;7.0;15.0;B01
201500054013;0;1;0;0.0;2.0;1.0;1.0;A01
201500054044;0;1;0;0.0;2.0;4.0;13.0;A01
201500054056;0;1;0;0.0;2.0;1.0;15.0;B01
201500054062;0;1;0;0.0;1.0;1.0;1.0;A01
201500054066;0;1;0;0.0;2.0;1.0;19.0;B01
201500054118;0;1;0;0.0;1.0;1.0;1.0;A01
201500054137;0;1;0;0.0;2.0;0.0;2.0;B01
201500054146;0;1;0;0.0;0.0;0.0;1.0;A01
201500054153;0;1;0;0.0;2.0;1.0;1.0;B01
201500054154;0;1;0;0.0;1.0;1.0;1.0;A01
201500054156;0;1;0;0.0;0.0;1.0;1.0;A01
201500054172;0;1;0;0.0;2.0;1.0;2.0;B01
201500054194;0;1;0;0.0;2.0;1.0;1.0;B01
201500054200;0;1;0;0.0;2.0;5.0;1.0;B01
201500054211;0;1;0;0.0;1.0;1.0;1.0;A01
201500054213;0;1;0;0.0;2.0;0.0;1.0;A01
201500054218;0;1;0;12.0;2.0;8.0;1.0;A01
201500054219;0;1;0;0.0;2.0;4.0;2.0;C01
201500054219;0;1;0;0.0;2.0;1.0;2.0;A01
201500054219;0;1;0;0.0;2.0;1.0;2.0;B01
201500054224;0;1;0;0.0;2.0;1.0;5.0;A01
201500054225;0;1;0;0.0;2.0;1.0;7.0;A01
201500054226;0;1;0;0.0;1.0;1.0;1.0;A01
201500054234;0;1;0;0.0;2.0;1.0;2.0;A01
201500054235;0;1;0;0.0;2.0;4.0;11.0;B01
201500054244;0;1;0;0.0;2.0;1.0;1.0;B01
201500054249;0;1;0;0.0;2.0;8.0;1.0;B01
201500054278;0;1;0;0.0;2.0;4.0;9.0;A01
201500054285;0;1;0;0.0;2.0;7.0;5.0;A01
201500054286;0;1;0;0.0;2.0;1.0;19.0;A01
201500054292;0;1;0;0.0;2.0;8.0;1.0;B01
201500054302;0;1;0;1.0;2.0;1.0;1.0;B01
201500054306;0;1;0;0.0;2.0;4.0;2.0;B01
201500054318;0;1;0;0.0;2.0;7.0;17.0;B01
201500054322;0;1;0;0.0;2.0;1.0;1.0;B01
201500054329;0;1;0;0.0;2.0;1.0;2.0;A01
201500054330;0;1;0;0.0;2.0;8.0;1.0;A01
201500054332;0;1;0;0.0;2.0;0.0;2.0;A01
201500054332;0;1;0;0.0;2.0;0.0;2.0;B01
201500054334;0;1;0;0.0;2.0;1.0;1.0;B01
201500054348;0;1;0;0.0;2.0;6.0;15.0;B01
201500054356;0;1;0;0.0;2.0;4.0;1.0;B01
201500054365;0;1;0;1.0;0.0;3.0;13.0;A01
201500054373;0;1;0;0.0;2.0;1.0;18.0;A01
201500054379;0;1;0;0.0;2.0;1.0;19.0;A01
201500054383;0;1;0;0.0;2.0;1.0;1.0;A01
201500054390;0;1;0;0.0;2.0;7.0;1.0;A01
201500054392;0;1;0;0.0;2.0;1.0;13.0;A01
201500054433;0;1;0;0.0;2.0;8.0;1.0;B01
201500054440;0;1;0;0.0;2.0;2.0;17.0;A01
201500054442;0;1;0;0.0;2.0;8.0;18.0;B01
201500054453;0;1;0;12.0;0.0;2.0;16.0;A01
201500054473;0;1;0;0.0;2.0;4.0;1.0;B01
201500054495;0;1;0;0.0;2.0;8.0;1.0;B01
201500054501;0;1;0;0.0;2.0;4.0;18.0;B01
201500054513;0;1;0;0.0;2.0;8.0;19.0;A01
201500054520;0;1;0;0.0;1.0;1.0;1.0;A01
201500054531;0;1;0;0.0;2.0;8.0;14.0;B01
201500054542;0;1;0;0.0;2.0;8.0;7.0;B01
201500054544;0;1;0;0.0;2.0;3.0;1.0;A01
201500054546;0;1;0;0.0;2.0;1.0;1.0;B01
201500054547;0;1;0;0.0;2.0;4.0;17.0;B01
201500054550;0;1;0;0.0;1.0;1.0;1.0;A01
201500054577;0;1;0;1.0;2.0;1.0;22.0;A01
201500054579;0;1;0;0.0;1.0;1.0;1.0;A01
201500054581;0;1;0;0.0;2.0;2.0;1.0;A01
201500054588;0;1;0;0.0;2.0;1.0;1.0;B01
201500054589;0;1;0;0.0;2.0;1.0;1.0;B01
201500054593;0;1;0;0.0;2.0;8.0;19.0;B01
201500054595;0;1;0;0.0;2.0;8.0;19.0;B01
201500054600;0;1;0;0.0;2.0;3.0;13.0;A01
201500054603;0;1;0;0.0;2.0;1.0;1.0;B01
201500054613;0;1;0;0.0;2.0;3.0;13.0;B01
201500054616;0;1;0;0.0;2.0;7.0;19.0;B01
201500054625;0;1;0;0.0;1.0;1.0;5.0;A01
201500054651;0;1;0;0.0;2.0;1.0;16.0;B01
201500054658;0;1;0;0.0;2.0;6.0;1.0;B01
201500054660;0;1;0;0.0;2.0;7.0;1.0;B01
201500054674;0;1;0;0.0;1.0;1.0;17.0;A01
201500054686;1;1;0;0.0;1.0;0.0;14.0;Z01
201500054717;0;1;0;0.0;2.0;0.0;9.0;A01
201500054724;0;1;0;0.0;2.0;1.0;2.0;A01
201500054726;0;1;0;0.0;2.0;1.0;1.0;B01
201500054735;0;1;0;0.0;2.0;6.0;13.0;B01
201500054740;0;1;0;0.0;2.0;4.0;19.0;B01
201500054741;0;1;0;0.0;2.0;1.0;1.0;A01
201500054754;0;1;0;1.0;2.0;0.0;1.0;A01
201500054759;0;1;0;0.0;2.0;1.0;19.0;A01
201500054764;0;1;0;12.0;2.0;8.0;1.0;A01
201500054766;0;1;0;0.0;2.0;1.0;1.0;B01
201500054778;0;1;0;0.0;2.0;1.0;1.0;B01
201500054780;0;1;0;0.0;2.0;3.0;1.0;B01
201500054793;0;1;0;1.0;0.0;1.0;13.0;A01
201500054828;0;1;0;0.0;2.0;8.0;1.0;B01
201500054832;0;1;0;0.0;2.0;6.0;19.0;A01
201500054883;0;1;0;0.0;2.0;4.0;1.0;B01
201500054884;0;1;0;0.0;2.0;1.0;17.0;B01
201500054889;0;1;0;0.0;2.0;7.0;1.0;A01
201500054895;0;1;0;0.0;2.0;1.0;15.0;A01
201500054928;0;1;0;0.0;2.0;1.0;1.0;B01
201500054931;0;1;0;0.0;2.0;7.0;19.0;A01
201500054946;0;1;0;0.0;2.0;0.0;1.0;B01
201500054947;0;1;0;0.0;2.0;4.0;7.0;B01
201500054967;0;1;0;0.0;2.0;0.0;2.0;B01
201500054977;0;1;0;0.0;2.0;7.0;1.0;A01
201500054993;0;1;0;0.0;1.0;1.0;16.0;A01
201500055000;0;1;0;0.0;2.0;1.0;1.0;B01
201500055002;1;1;0;0.0;1.0;0.0;1.0;Z01
201500055010;0;1;0;0.0;2.0;6.0;2.0;B01
201500055021;0;1;0;0.0;2.0;0.0;1.0;A01
201500055022;0;1;0;0.0;2.0;1.0;1.0;A01
201500055027;0;1;0;0.0;2.0;0.0;1.0;B01
201500055032;0;1;0;0.0;2.0;1.0;1.0;B01
201500055064;0;1;0;0.0;0.0;0.0;1.0;A01
201500055067;0;1;0;0.0;2.0;1.0;19.0;A01
201500055082;0;1;0;0.0;2.0;1.0;13.0;A01
201500055088;0;1;0;1.0;2.0;1.0;7.0;B01
201500055096;0;1;0;0.0;2.0;1.0;14.0;A01
201500055118;0;1;0;0.0;2.0;2.0;7.0;A01
201500055130;0;1;0;0.0;2.0;3.0;19.0;B01
201500055140;0;1;0;0.0;0.0;0.0;1.0;A01
201500055143;0;1;0;0.0;2.0;2.0;19.0;A01
201500055145;0;1;0;0.0;2.0;4.0;1.0;B01
201500055157;0;1;0;0.0;2.0;8.0;1.0;B01
201500055159;0;1;0;0.0;2.0;3.0;18.0;B01
201500055172;0;1;0;0.0;2.0;7.0;23.0;B01
201500055173;0;1;0;0.0;2.0;1.0;1.0;B01
201500055186;0;1;0;14.0;0.0;0.0;1.0;A01
201500055188;0;1;0;0.0;2.0;4.0;1.0;B01
201500055197;0;1;0;0.0;2.0;8.0;19.0;A01
201500055198;0;1;0;0.0;2.0;1.0;18.0;B01
201500055216;0;1;0;0.0;1.0;1.0;1.0;A01
201500055225;0;1;0;0.0;2.0;8.0;15.0;A01
201500055225;0;1;0;0.0;2.0;7.0;17.0;B01
201500055229;0;1;0;0.0;0.0;0.0;1.0;A01
201500055232;0;1;0;0.0;2.0;3.0;1.0;B01
201500055242;0;1;0;0.0;2.0;1.0;1.0;B01
201500055245;0;1;0;0.0;2.0;7.0;19.0;B01
201500055252;0;1;0;0.0;2.0;8.0;0.0;B01
201500055258;0;1;0;1.0;0.0;1.0;1.0;B01
201500055270;0;1;0;0.0;2.0;1.0;1.0;B01
201500055270;0;1;0;0.0;2.0;4.0;21.0;A01
201500055279;0;1;0;0.0;0.0;8.0;16.0;A01
201500055291;0;1;0;0.0;2.0;1.0;1.0;B01
201500055294;0;1;0;0.0;2.0;4.0;1.0;B01
201500055314;0;1;0;0.0;2.0;4.0;15.0;B01
201500055317;1;1;0;1.0;1.0;0.0;1.0;Z01
201500055327;0;1;0;0.0;2.0;3.0;1.0;B01
201500055330;0;1;0;0.0;0.0;1.0;1.0;A01
201500055337;0;1;0;0.0;2.0;1.0;1.0;B01
201500055338;0;1;0;0.0;2.0;1.0;1.0;B01
201500055345;0;1;0;0.0;2.0;1.0;1.0;B01
201500055350;0;1;0;0.0;1.0;0.0;1.0;A01
201500055369;0;1;0;0.0;2.0;8.0;1.0;A01
201500055382;0;1;0;12.0;0.0;1.0;14.0;A01
201500055386;0;1;0;0.0;1.0;0.0;1.0;A01
201500055395;0;1;0;0.0;2.0;8.0;19.0;B01
201500055409;0;1;0;0.0;2.0;8.0;1.0;B01
201500055418;0;1;0;0.0;2.0;7.0;1.0;B01
201500055426;0;1;0;0.0;2.0;7.0;1.0;A01
201500055465;0;1;0;0.0;1.0;0.0;1.0;A01
201500055469;0;1;0;0.0;1.0;1.0;7.0;A01
201500055470;0;1;0;0.0;2.0;4.0;1.0;B01
201500055479;0;1;0;0.0;0.0;1.0;1.0;A01
201500055484;0;1;0;0.0;1.0;1.0;18.0;A01
201500055532;0;1;0;1.0;0.0;1.0;1.0;A01
201500055540;0;1;0;0.0;1.0;0.0;1.0;A01
201500055553;0;1;0;0.0;2.0;0.0;1.0;B01
201500055554;0;1;0;0.0;2.0;1.0;1.0;B01
201500055559;0;1;0;0.0;2.0;2.0;1.0;A01
201500055571;0;1;0;0.0;2.0;0.0;16.0;A01
201500055576;0;1;0;0.0;2.0;1.0;5.0;B01
201500055578;0;1;0;0.0;2.0;0.0;17.0;B01
201500055579;0;1;0;0.0;2.0;1.0;1.0;A01
201500055593;1;1;0;0.0;2.0;0.0;1.0;Z01
201500055598;0;1;0;0.0;0.0;0.0;1.0;A01
201500055616;0;1;0;1.0;2.0;9.0;7.0;B01
201500055653;0;1;0;0.0;2.0;1.0;15.0;A01
201500055669;0;1;0;0.0;2.0;0.0;1.0;A01
201500055683;0;1;0;0.0;2.0;4.0;2.0;B01
201500055729;0;1;0;0.0;2.0;4.0;2.0;B01
201500055746;0;1;0;0.0;2.0;1.0;1.0;B01
201500055750;0;1;0;0.0;2.0;7.0;19.0;B01
201500055780;0;1;0;0.0;2.0;1.0;1.0;A01
201500055824;0;1;0;0.0;2.0;4.0;15.0;B01
201500055841;0;1;0;0.0;1.0;1.0;1.0;A01
201500055844;0;1;0;0.0;2.0;1.0;1.0;A01
201500055849;0;1;0;3.0;0.0;3.0;14.0;A01
201500055866;0;1;0;0.0;2.0;8.0;1.0;B01
201500055867;0;1;0;0.0;1.0;8.0;1.0;A01
201500055884;0;1;0;0.0;1.0;1.0;1.0;A01
201500055885;0;1;0;0.0;0.0;7.0;18.0;B01
201500055887;0;1;0;0.0;0.0;0.0;0.0;C01
201500055887;0;1;0;0.0;0.0;0.0;0.0;B01
201500055906;0;1;0;0.0;2.0;1.0;1.0;A01
201500055909;0;1;0;0.0;2.0;0.0;18.0;B01
201500055936;0;1;0;0.0;2.0;3.0;1.0;B01
201500055950;0;1;0;15.0;0.0;0.0;0.0;A01
201500055958;0;1;0;0.0;2.0;0.0;5.0;B01
201500055962;0;1;0;0.0;2.0;8.0;1.0;B01
201500055978;0;1;0;0.0;2.0;8.0;18.0;B01
201500055986;0;1;0;0.0;2.0;8.0;1.0;B01
201500055994;0;1;0;0.0;2.0;8.0;5.0;B01
201500055998;0;1;0;0.0;2.0;1.0;1.0;A01
201500056013;0;1;0;0.0;2.0;1.0;2.0;B01
201500056056;0;1;0;0.0;2.0;0.0;18.0;B01
201500056060;0;1;0;0.0;2.0;3.0;1.0;B01
201500056062;0;1;0;0.0;2.0;6.0;18.0;B01
201500056076;0;1;0;0.0;2.0;5.0;1.0;B01
201500056078;0;1;0;0.0;2.0;5.0;13.0;A01
201500056079;0;1;0;0.0;2.0;7.0;19.0;B01
201500056190;0;1;0;0.0;2.0;3.0;15.0;A01
201500056615;0;1;0;0.0;2.0;8.0;19.0;B02
201500056654;0;1;0;0.0;2.0;1.0;19.0;B02
201500056661;0;1;0;6.0;0.0;1.0;13.0;A01
201500056667;0;1;0;0.0;0.0;0.0;19.0;A01
201500056721;0;1;0;0.0;0.0;4.0;2.0;B02
201500056729;0;1;0;0.0;2.0;0.0;15.0;A01
201500056731;0;1;0;0.0;2.0;8.0;13.0;B02
201500056762;0;1;0;1.0;0.0;1.0;13.0;B02
201500056770;0;1;0;0.0;2.0;1.0;1.0;B02
201500056774;0;1;0;0.0;2.0;7.0;0.0;A01
201500056783;0;1;0;6.0;0.0;4.0;13.0;A01
201500056806;0;1;0;0.0;2.0;1.0;1.0;B02
201500056808;0;1;0;0.0;0.0;4.0;2.0;B02
201500056833;0;1;0;0.0;2.0;8.0;10.0;B02
201500056861;0;1;0;0.0;2.0;4.0;12.0;B02
201500056864;0;1;0;0.0;2.0;4.0;1.0;B02
201500056880;0;1;0;0.0;0.0;1.0;1.0;B02
201500056884;0;1;0;0.0;2.0;3.0;19.0;A01
201500056885;0;1;0;0.0;2.0;2.0;9.0;B02
201500056886;0;1;0;0.0;0.0;4.0;2.0;B02
201500056895;0;1;0;0.0;2.0;3.0;1.0;B02
201500056917;0;1;0;0.0;2.0;8.0;1.0;B02
201500056928;0;1;0;0.0;0.0;0.0;0.0;B02
201500056956;0;1;0;0.0;2.0;1.0;13.0;B02
201500056959;0;1;0;0.0;2.0;1.0;13.0;B02
201500056970;0;1;0;0.0;2.0;1.0;1.0;B02
201500056979;0;1;0;12.0;0.0;1.0;1.0;A01
201500056983;0;1;0;0.0;2.0;4.0;1.0;B02
201500056995;0;1;0;12.0;0.0;1.0;1.0;A01
201500057042;0;1;0;0.0;0.0;4.0;1.0;B02
201500057077;0;1;0;0.0;2.0;3.0;1.0;B02
201500057079;0;1;0;0.0;0.0;1.0;5.0;B02
201500057100;0;1;0;13.0;0.0;1.0;1.0;B02
201500057100;0;1;0;13.0;0.0;1.0;1.0;A01
201500057129;0;1;0;0.0;0.0;2.0;1.0;A01
201500057132;0;1;0;0.0;2.0;0.0;0.0;B02
201500057133;0;1;0;0.0;2.0;2.0;17.0;A01
201500057149;0;1;0;0.0;0.0;1.0;1.0;B02
201500057170;0;1;0;0.0;2.0;8.0;10.0;B02
201500057180;0;1;0;0.0;2.0;1.0;16.0;B02
201500057198;0;1;0;0.0;2.0;1.0;5.0;A01
201500057202;0;1;0;0.0;2.0;8.0;5.0;A01
201500057203;0;1;0;0.0;0.0;0.0;23.0;B02
201500057226;0;1;0;0.0;2.0;4.0;15.0;B01
201500057242;1;1;0;0.0;1.0;0.0;0.0;Z01
201500057269;0;1;0;0.0;2.0;1.0;1.0;B01
201500057272;0;1;0;0.0;2.0;8.0;11.0;A01
201500057275;0;1;0;0.0;2.0;0.0;0.0;C01
201500057277;0;1;0;0.0;0.0;0.0;0.0;B01
201500057278;0;1;0;0.0;2.0;0.0;0.0;A01
201500057283;0;1;0;0.0;0.0;0.0;0.0;B01
201500057313;0;1;0;0.0;2.0;1.0;13.0;B01
201500057314;0;1;0;0.0;0.0;0.0;0.0;A01
201500057327;0;1;0;0.0;2.0;1.0;15.0;B01
201500057328;0;1;0;0.0;2.0;1.0;1.0;B01
201500057332;0;1;0;0.0;2.0;0.0;19.0;A01
201500057341;0;1;0;0.0;0.0;0.0;0.0;A01
201500057350;0;1;0;0.0;2.0;7.0;10.0;B01
201500057353;0;1;0;0.0;2.0;1.0;18.0;A01
201500057355;0;1;0;0.0;0.0;0.0;0.0;A01
201500057359;0;1;0;3.0;0.0;2.0;14.0;Z01
201500057395;0;1;0;0.0;2.0;4.0;1.0;B01
201500057426;0;1;0;0.0;2.0;7.0;1.0;B01
201500057438;0;1;0;0.0;2.0;1.0;1.0;B01
201500057441;0;1;0;0.0;2.0;1.0;1.0;B01
201500057442;0;1;0;0.0;2.0;1.0;1.0;B01
201500057448;0;1;0;0.0;2.0;1.0;2.0;A01
201500057485;1;1;0;0.0;1.0;0.0;0.0;Z01
201500057488;0;1;0;0.0;9.0;4.0;1.0;B01
201500057533;0;1;0;0.0;0.0;0.0;19.0;B01
201500057537;1;1;0;0.0;0.0;0.0;0.0;Z01
201500057552;0;1;0;0.0;2.0;0.0;1.0;B01
201500057568;0;1;0;0.0;1.0;1.0;13.0;A01
201500057592;0;1;0;0.0;0.0;0.0;0.0;B01
201500057596;0;1;0;1.0;0.0;1.0;1.0;B01
201500057600;0;1;0;0.0;2.0;1.0;1.0;B01
201500057613;0;1;0;0.0;2.0;1.0;1.0;B01
201500057614;0;1;0;0.0;2.0;8.0;5.0;A01
201500057623;0;1;0;0.0;0.0;4.0;0.0;B01
201500057628;0;1;0;0.0;2.0;1.0;0.0;B01
201500057645;0;1;0;0.0;2.0;8.0;19.0;B01
201500057662;0;1;0;0.0;2.0;0.0;1.0;B01
201500057665;0;1;0;0.0;2.0;8.0;9.0;B01
201500057678;0;1;0;0.0;2.0;8.0;16.0;B01
201500057682;0;1;0;0.0;0.0;0.0;0.0;B01
201500057709;1;1;0;0.0;2.0;0.0;0.0;B01
201500057714;0;1;0;0.0;2.0;4.0;0.0;B01
201500057716;0;1;0;0.0;0.0;0.0;0.0;B01
201500057718;1;1;0;0.0;0.0;7.0;15.0;Z01
201500057723;0;1;0;0.0;0.0;0.0;0.0;A01
201500057728;0;1;0;0.0;1.0;1.0;0.0;A01
201500057759;0;1;0;0.0;2.0;8.0;19.0;B01
201500057765;0;1;0;0.0;2.0;1.0;1.0;B01
201500057781;0;1;0;0.0;0.0;0.0;0.0;B01
201500057786;0;1;0;0.0;2.0;8.0;2.0;B01
201500057791;0;1;0;0.0;2.0;6.0;0.0;B01
201500057799;0;1;0;14.0;0.0;1.0;0.0;A01
201500057812;0;1;0;0.0;2.0;8.0;19.0;B01
201500057846;0;1;0;0.0;2.0;1.0;19.0;A01
201500057855;0;1;0;0.0;2.0;1.0;1.0;A01
201500057858;0;1;0;0.0;2.0;7.0;0.0;B01
201500057860;0;1;0;0.0;0.0;0.0;0.0;A01
201500057862;0;1;0;0.0;9.0;7.0;15.0;A01
201500057867;0;1;0;0.0;0.0;1.0;19.0;B01
201500057869;0;1;0;0.0;0.0;0.0;0.0;B01
201500057870;0;1;0;0.0;9.0;1.0;5.0;B01
201500057887;0;1;0;0.0;9.0;8.0;1.0;B01
201500057894;0;1;0;0.0;2.0;1.0;1.0;B01
201500057913;0;1;0;0.0;2.0;8.0;0.0;B01
201500057924;0;1;0;0.0;0.0;0.0;0.0;B01
201500057927;0;1;0;0.0;2.0;1.0;5.0;A01
201500057928;0;1;0;0.0;2.0;0.0;0.0;A01
201500057949;0;1;0;0.0;1.0;1.0;1.0;A01
201500057951;0;1;0;0.0;2.0;1.0;0.0;A01
201500057955;0;1;0;0.0;2.0;1.0;1.0;A01
201500057960;0;1;0;0.0;2.0;7.0;1.0;Z01
201500057964;0;1;0;0.0;0.0;0.0;2.0;A01
201500057971;0;1;0;0.0;2.0;1.0;16.0;A01
201500057983;0;1;0;0.0;0.0;0.0;0.0;A01
201500057989;0;1;0;0.0;2.0;1.0;1.0;A01
201500057995;0;1;0;0.0;2.0;8.0;1.0;A01
201500058001;0;1;0;0.0;2.0;4.0;0.0;B01
201500058010;0;1;0;0.0;2.0;7.0;1.0;B01
201500058013;0;1;0;0.0;2.0;8.0;1.0;A01
201500058022;0;1;0;0.0;2.0;7.0;9.0;B01
201500058032;0;1;0;0.0;2.0;7.0;1.0;B01
201500058034;0;1;0;0.0;0.0;7.0;9.0;A01
201500058038;0;1;0;0.0;2.0;1.0;2.0;B01
201500058059;0;1;0;0.0;2.0;1.0;1.0;A01
201500058060;0;1;0;0.0;2.0;2.0;6.0;A01
201500058062;0;1;0;0.0;0.0;0.0;0.0;B01
201500058077;0;1;0;0.0;2.0;1.0;5.0;A01
201500058082;0;1;0;0.0;2.0;3.0;1.0;B01
201500058101;0;1;0;0.0;2.0;0.0;19.0;A01
201500058115;0;1;0;0.0;2.0;1.0;1.0;B01
201500058118;0;1;0;0.0;2.0;1.0;19.0;A01
201500058145;1;1;0;0.0;0.0;0.0;0.0;C01
201500058146;0;1;0;0.0;2.0;2.0;1.0;B01
201500058173;0;1;0;0.0;2.0;1.0;19.0;B01
201500058189;0;1;0;0.0;2.0;1.0;1.0;B01
201500058212;0;1;0;0.0;2.0;1.0;1.0;B01
201500058224;0;1;0;0.0;2.0;4.0;2.0;A01
201500058225;0;1;0;0.0;2.0;1.0;13.0;B01
201500058227;0;1;0;0.0;2.0;1.0;15.0;A01
201500058232;0;1;0;0.0;0.0;1.0;18.0;A01
201500058237;0;1;0;0.0;2.0;4.0;2.0;A01
201500058252;0;1;0;0.0;2.0;1.0;19.0;A01
201500058270;0;1;0;0.0;2.0;1.0;1.0;A01
201500058287;0;1;0;0.0;2.0;1.0;1.0;A01
201500058308;0;1;0;0.0;2.0;1.0;15.0;B01
201500058311;0;1;0;0.0;2.0;1.0;9.0;B01
201500058318;0;1;0;0.0;0.0;0.0;14.0;A01
201500058340;0;1;0;0.0;2.0;1.0;19.0;A01
201500058342;0;1;0;0.0;2.0;1.0;5.0;B01
201500058345;0;1;0;0.0;2.0;3.0;18.0;A01
201500058348;0;1;0;0.0;2.0;1.0;13.0;B01
201500058353;0;1;0;0.0;0.0;1.0;1.0;A01
201500058414;0;1;0;0.0;2.0;4.0;1.0;A01
201500058416;0;1;0;0.0;2.0;4.0;1.0;A01
201500058436;0;1;0;13.0;0.0;1.0;21.0;A01
201500058446;0;1;0;16.0;0.0;6.0;1.0;A01
201500058455;0;1;0;0.0;2.0;4.0;2.0;B01
201500058466;1;1;0;0.0;2.0;7.0;21.0;A01
201500058524;0;1;0;0.0;2.0;7.0;19.0;B01
201500058584;0;1;0;0.0;9.0;1.0;2.0;A01
201500058584;0;1;0;0.0;9.0;4.0;1.0;B01
201500058611;0;1;0;14.0;2.0;1.0;17.0;B01
201500058616;0;1;0;0.0;2.0;1.0;1.0;B01
201500058626;0;1;0;0.0;1.0;1.0;0.0;A01
201500058629;0;1;0;1.0;0.0;1.0;15.0;A01
201500058648;0;1;0;0.0;2.0;8.0;15.0;B01